# Fautes RÉELLES annotées par UD English-EWT (Typo=Yes / CorrectForm) — CC BY-SA 4.0, Universal Dependencies.
# texte<TAB>début:fin:correction | … — bâti par dictee/build_ewt_typos_en.py ; ne pas éditer à la main.
"They are targetting ambulances", "American snipers are shooting children and pregnant women", and "They are using cluster bombs against civilians" is all you get to hear from him.	10:20:targeting
Many people still believe that to be true, even though the Ministry of Russian Federation on Civil Defence, Emergencies and Elimination of Conseguences of Natural Disasters (EMERCOM of Russia) reported this in 1996:	139:151:Consequences
However, in April 2001, the IAEA published Fifteen Years after the Chernobyl Accident - Lessons learned. which contradict the earlier reports.	111:121:contradicts
Don't have to mention what radiation has done and is still doing to Hirsohima & Nagaski folks--there can be no doubts about the effects of radiation in Chernobyl.......	68:77:Hiroshima | 80:87:Nagasaki
Sunni Arab fundamentalists deeply sympathize with the Palestinians and with Hamas, and those in Iraq have deep historical inks with fundamentalists in Jordan and Palestine.	122:126:links
According to Professor S D Muni, South Asia expert at the Jawaharal Nehru University, the two-year peace talks between Colombo and the Liberation Tigers of Tamil Eelam (LTTE) are stalemated.	58:67:Jawaharlal
Al-Abbudi stated that "His Emminence" decided to openly support the list because "others" (obviously a reference to Allawi) have been abusing official state positions and media outlets in their campaigning.	27:36:Eminence
On sensing my incredulity to his statement he asserted that Ba'athist cells exist in all parts of the country and that they do have a central command, even though many have formed seperate cells (often under Islamic labels) with their own leaderships.	180:188:separate
Last week, Federal District Judge Lynn Hughes in Huston, Texas, threw out Wilson's two-decades old conviction.	49:55:Houston
looks like it is rearing its head again in Louisianna..	43:53:Louisiana
I like yuor blog.	7:11:your
“There have no business being there unless they are undermining Pakistan,’’ says a Pakistani official.	1:6:They
Nobody should feel a looser in Afghanistan,’’ President Hamid Karzai told Pakistan’s English daily The Nation.	21:27:loser
“There have no business being there unless they are undermining Pakistan,’’ says a Pakistani official.	1:6:They
Iran in particular feared that Qanooni would loose and then be politically isolated from the mainstream.	45:50:lose
Maybe I'm missing something here, but how, exactly, does one 'Loose' 200,000 AK47's?	62:67:lose
Funny how some things are squirelled away by well-meaning prosecutors...	26:36:squirreled
Personally I don't give a damn what adults do to one another as long as there is no abuse invovled.	90:98:involved
It is the marrying off of young girls to older men often close relatives that enfurates me.	78:87:infuriates
One member actually was convicted of beating his teen daughter unconcious when she ran away from 'marriage' to her father's own brother.	63:73:unconscious
And were the Columbine killers acting out this "real morality" when they indescriminately murdered their classmates.	73:89:indiscriminately
Here is a thought: When the appartently cognitively functional take actions that seem senseless and incompetent, it is a most certain sign that they have ulterior or hidden motives.	28:39:apparently
But succintly making point after succint point, the text of the letter stands on its own merit, regardless.	4:13:succinctly | 33:40:succinct
Of the metal music farce, Ministry has definately made in-road into 'Loose Change"-"Alex Jones" territory with their new record, Rio Grande Blood.	39:49:definitely
They have been accumulating for years, and basically give the president to sieze the government whenever he feels like it.	75:80:seize
Also, I'm quite clear on the fact that those in power now (and, in general, most anyone at the top of a pyrimidal power structure) tend to use the dominant religion as a cloak to hide their true motivations and as a tool to control the masses.	104:113:pyramidal
Whie I don't subscribe to the notion that the things we watch or listen to have no effect on our behavior (which I think is patently rediculous), it does bother me when people single out a specific group of people to pin the blame on.	0:4:While | 133:143:ridiculous
Sub-cultures (as the lable implies) do not develope in a vacuum.	21:26:label | 43:51:develop
Again, I think the problem is people who sink to far into their own egos, and begin to take their personal metaphors a bit too literaly.	46:48:too | 127:135:literally
These people are dangerous wether they're head-banging to 'Canibal Corpse' or humming along to 'Onward Christian Soldiers'.	27:33:whether | 59:66:Cannibal
I have nothing but respect for people who adhear to non-violence, forgiveness, and charity, but it's important to remember that Christians (or 'Smartwolves') do not have a monopoly on that particular lifestyle.	42:48:adhere
The fact that the US government and media are having a hissy fit over Venezuela wanting to buy guns, and then 200,000 of the guns Chavez wants to buy go missing on their way to Iraq is definitely sus.	196:199:suspect
Aafia was on her way with her children to visit and uncle and a friend in Islamabad.	48:51:an
Columbia	0:8:Colombia
See you all there - this is ling overdue	28:32:long
See you all there - this is ling overdue	28:32:long
I have price targets of where I would like to lighten up exposure to ENE and will use calls to implement the stategy.	109:116:strategy
This entity was created in 2000 for the acquistion of WarpSpeed Communications (now Enron WarpSpeed Services, Inc. 83N), and then dissolved upon completion of merger.	40:50:acquisition
Suerat (any works on paper? -	0:6:Seurat
Modrian	0:7:Mondrian
Jeff, here is the intial draft.	18:24:initial
Mom's birthday is tommorow.	18:26:tomorrow
Give him a call tommorow.	16:24:tomorrow
Hopefully he didn't spel anyting incorrectly.	20:24:sepll | 25:32:anything
I'll send it as soon as you resond wether I should or not.	28:34:respond | 35:41:whether
Ryan Watt says high.	15:19:hi
With these operating standards implemented worldwide, we will know as operations professionals that risk is being mitigated and we will be able to ensure Enron top management that there is consistency in operating standards worldwide.	147:153:assure
Are whole offices (eg Tokyo) unreachable or is it only those who have home offices?	19:21:e.g.
I talked with Markat SW Gas-just honro his numbers	33:38:honor
Please find enclosed EES's request for Volumes for PGE CityGate delvery effective 11/1/01:	64:71:delivery
Did dthat stuff form Joe help your car.	4:9:that | 16:20:from
YesShe is having physical theraphy 3 times a week.	26:34:therapy
Also, as I mentioned to you, we have faxed your mark-up to Melanie Gray at Weil Gotschal in Houston to keep her informed.	80:88:Gotshal
YOU HAVE A LOT ON YOU PLATE, DAD.	18:21:YOUR
9. Scott McNeally, CEO, Sun Microsystems	9:17:McNealy
The line in the POA is a seperate and distinct measure from the daily collateral.	25:33:separate
At some point in the not so distant future, the Houson and London credit departments need to speak in order that each understands the "philosophy" behind credit analysis for the omnibus and master transactions.	48:54:Houston
We need to change the Prod Description fro the LME Product.	39:42:for
The change is mainly on the Settlement Date text, which instead of "...Two business days after the date of the Transaction..." shall read as follow:	141:147:follows
Unfortunately, do to Mr. Lay's schedule he will not be able to participate.	15:17:due
I'll take TCO pool at Index and sale Leach or Pool at Index - $.04.	32:36:sell
Please check Tenn contract 36647 on the Demand speadsheet.	47:57:spreadsheet
Debbie said, it is going to be hard on me to sale my old dodge truck.	45:49:sell
1. I found the title to the 4 wheeler and I was going to change it over to you name.	75:78:your
I do know that most of the time this plant was not buring like it did in July and August of this year.	51:57:burning
I assume you have your anwser and don't need me.	23:29:answer
I think compared to my house, he's embarrased about his apartment.	35:45:embarrassed
Anyway, I got you message, and I got the World Series thing (although I had already received	14:17:your
Your gonna be the first to see the new baby (woudn't it be wierd if the baby gets botn on Jan 5th?)	59:64:weird | 82:86:born
Why didn't Craig show Ma his appartment?	29:39:apartment
What do you think about your phone ocnversation with Unlce Ben (he was almost shocked)?	35:47:conversation | 53:58:Uncle
Deutsched Bank AG	0:9:Deutsche
As for Ted, things are still going well although I haven't see him at all this week (we are two very busy people).	59:62:seen
Hope you day is going well and that the move to 30 went off without a hitch.	5:8:your
I just found out that I need to take the TX drivers exam both written and on the rode.	81:85:road
fyi... it sound like Bobby is in serious condition.	10:15:sounds
Michael and myself are planing to be in Hoston on Thursday and Friday of this week.	23:30:planning | 40:46:Houston
Argentina intend to press ahead even given the concern about taxes, etc.	10:16:intends
Just wanted to know were we stand on the ETA and PA for Argentina?	20:24:where
Thur. Sept. 28 - Paris (Versailles or Fontainbleu - half day side trip)	38:49:Fontainebleu
If these amendmnets are agreeable to you can you please print and arrange for execution.	9:19:amendments
However, if you can wait til 2:00pm to eat, go ahead and grab something and expense it!	25:28:till
Sandi sez it's actually happening at 10 AM and it's renewable-focused.	6:9:says
With regard to our annual review of this list of laws we need to comply with, do we not want to add the Canadian provinces new "eligible swap participant" equivalant rules?	155:165:equivalent
the company is Arco Products, adn their comments are on the attached file.	30:33:and
I'll need to talk to you about his Monday.	31:34:this
Middle Office have instigated a new daily working capital report process tracking cash settlement/ funding data to working capital components for all Metals businesses.	14:18:has
Due to my disability, this will be a monumental task, but I am determined to prove to the Admissions commitee that I can excel with the work at The Texas University Graduate School of Business.	101:109:committee
I understand that it is a competitive process, but I felt that with my work experiences, recommendations, extrcurricular activities, etc., that this would help my chances and possibly compensate my disability.	106:120:extracurricular
Due to my disability, this will be a monumental task, but I am determined to prove to the Admissions committment that I can do the work at The Texas University Graduate School of Business.	101:112:commitment
Also, I would like to continue our dialague regarding creating an Energy-Finance Private Equity Fund at UT.	35:43:dialogue
Yvan, and Ben, please provide answers to these question via written correspondence so that their is limited probability of misunderstanding.	91:96:there
We are running so full tilt on TW that we may not have as much flexibiltiy to manage this situation as we expected, but let me know what we can do.	63:74:flexibility
James had heard that one hold up was the absence of a confidentiality agreement--I guess between ECS and Transwestern--that would permit ECS to communicate to us the details on how to access teh key info. from CDEC.	191:194:the
That sounds like a BS excuse from ECS, but it that's what they are saying, let me know and we can figure out a solution.	43:45:if
Stan may also bring the letter up orally next time he's on the phonne with Gibson or Kyle as an example of how not to handle this situation.	63:69:phone
I am currently employed with the aviation department (hangar attendant) of enron and would like to use my past knowledge and experience to persue my goals in the technology feild.	139:145:pursue | 173:178:field
I am currently employed with the aviation department (hangar attendant) of enron and would like to use my past knowledge and experience to persue my goals in the technology feild.	173:178:field
Mailing them to the house iis fine.	26:29:is
Unfortunately Debbie and I will not be able to attend due to previous committments.	70:82:commitments
Peer reviews are currently been gathered on the above.	27:31:being
Please let me know at your earliest convience if you can help me.	36:45:convenience
Thank you for the invitaion to the conference call.	18:27:invitation
Eleuthra?	0:8:Eleuthera
Where: On Campus Inn at Pen	24:27:Penn
Tom's group would like to know if we have any interesting in buying the crude on either a fixed or floating basis.	46:57:interest
1. In Section 1.1, there should be a parentheses after etc. in the 5th line.	37:48:parenthesis
We can accept the language with your chnages.	37:44:changes
Our system did not show any other chnages.	34:41:changes
Revenues for these customers were adjusted according.	43:52:accordingly
There is nothing wrong with a REAL negotiation, but nothing particularly helpful about generating one that s just for show.	107:108:'s
Thanks for you cooperation.	11:14:your
Corporate Finance- Joe Deffner, Brain Kerrigan, Lewis Worthy, Mary Perkins	32:37:Brian
Justin, I have no knowledge of any bad faith actins Enron has pending inTexas but I will call Richard Sanders who manages domestic litgation here.	45:51:actions
The trustee's oppositon papers are now due Nov 27 and Enron reply is due Dec 1.	14:23:opposition
Look around you and notice all the mind numbing trailor trash cretins out there who should not be procreating, yet they do.	48:55:trailer
When you blame it all on society, there's noone to to take responsibility and all of a sudden you have generation of fucked up kids who are likley smoking, drinking, doing drugs, fucking the neighbor or some internet perv just because you are too lazy to see waht they're doing.	42:47:no-one | 140:146:likely | 259:263:what
You made a choice to be a mommy, you dont get a break until they move out, thats the choice that you madea and that's life.	101:106:made
Another time I'll segueway into all the fun work related instances where "Mommies" get out of doing work and hiding behind childcare as the reason.	18:26:segue
It looks like NASA is ready to sour again after it's devastating loss from the Columbia accident which occurred nearly two years ago.	31:35:soar
One of my most cherished dualities is the understanding that we are both autonomous individuals with the power to shape our personal destinies and at the same time we are all one, that there is no separation between you and I, we are all together in this thing called life, we human beings, the birds and the tress, the rocks and the sky, all of it.	309:314:trees
Any major dischord and we all suffer.	10:18:discord
Oh well, I'll get it when it comes out in Febuary.	42:49:February
rumor has feb 05 on the calender.	24:32:calendar
BUT they stated that they will take as long as it takes to work out all the bugs so who really know how long.	95:99:knows
as far as pre order go to and they have a list of major retailers that carry it there are also a few websites that you could order it off of.	10:13:preorder
The graphics are without a doubt the amoung the best graphics I have ever seen for any game and I have been gaming since the MUD days.	37:43:among
Unemployent stays low because half the population oversees those "out of the workforce", the dregs, the rabble, the enemy?	0:11:Unemployment
Many of us have burrowed beneath the surface to find a spiritual sense of being, an understanding force at least as powerful as those we succumbed to, and many of use wouldn't escape if you opened the front door.	163:166:us
Our distinguished colleagues in this business transaction include the sitting vice-president of the United States of America, Richard Cheney, who is an original partner in the Iraq venture and former head of the Halliburton oil company, and Condoleeza Rice, whose professional dedication to the venture was demonstrated in the naming of a Chevron oil tanker after her.	241:251:Condoleezaa
Let me put it this way - If you have watched TV recently, crossed a modern bridge, flown in an airplane, recieved any form of modern medicine, did any mathematics, drove a car, used a cellular phone, etc. then you have somehow directly reaped the rewards which NASA has returned to us.	105:113:received
I realize that it may sound strange, but we are desparate in our efforts and are willing to try anything to help our dear sick friend.	48:57:desperate
This is not a hoax, as so many of these emails actully are.	47:54:actually
In quick summary, Beyond Control, a local band in our area, is sponoring a benefit for a cancer victim whose benefits have run out.	63:72:sponsoring
They are currently in third place, and need your help so that the prize money can be used for a humanatarian cause.	96:108:humanitarian
This article, and specifically this piece, effected me enough to try to build a song around the topic.	43:51:affected
--Shrodinger"	2:12:Schrödinger
I promise you that if you follow the directions exactly that you will start making more money than you thought possible by doing something so easy!!	56:60:then
Unfortunately, those left behind to be filmed, where those without transportation or means.	47:52:were
The gall of it all is that Bush is stumping for more money to build more refineries, when what he should do is pour money into making the US independent of OPEC or crude oil all together.	174:177:altogether
Free of polution, free of oil dependency, and free of big business that is bleeding us dry for the short term good (theirs).	8:16:pollution
<<In "Love's Labour's Lost" we find a character Don Adriana de Armatho, full of affection and bombast.	63:70:Armado
<<Doctor RODERIGO LOPEZ (1525 -1594) was the Portugese Jewish doctor accused by Essex of trying to poison Queen Elizabeth.	45:54:Portuguese
1542 LEONARDO, Giovanni (a.k.a. Il Puttino/the Boy) born in Calaria.	60:67:Calabria
1574 Boi and Leonardo beat Lopez & Ceron in presence of Phillip II.	56:63:Philip
Of all Freemason sponsered revolutions: American, French, Bolivar, etc. . . Garibaldi's is the most blatantly Masonic:	17:26:sponsored
Antichrist John Lennon wanted to compete with Jesus Christ, and so he grew a beard and started to make a bogus role of Christ together with Yoko Ono at the Amsterdam Hilton hotel proclaiming "Peace", being then when he was visited by the Canadian journalist who ridiculized and admonished him wanting to know about what Lennon meant when he wrote in the lyrics of "The ballad of John and Yoko": "the way things are going, they're going to crucify me...", The CURSE OF GOD upon John Lennon carried on with all type of miseries and distresses which made Lennon give the interview to the "Rolling Stone" magazine (today condensed in the "Lennon remembers" book) where he speaks about how bad thing were going for him blaming "whatever is up there" for it (referring to God).	262:273:ridiculed | 689:694:things
By Graydon Carter (excepted from "What We've Lost", published by Little Brown)	19:27:excerpted
Equine collages uk NEED HELP!!!?	7:15:colleges
Can somebody give me the names some collages that do post 18 (degrees or foundation degrees) in either:	36:44:colleges
Besides from Pacquiao, what else is The Philipines famous for?	40:50:Philippines
You shouldn't ask this question it's intimidating, if i tell you what people knows about Philippines you will blush, thank god many thinks i'm japanese just because of the way i keep myself, the way i talk and treat people, and the way i dress, so if you don't want nasty, insulting answers especially from those undesirable migrants like puttagenius, caloy, gro science, and irene.	132:138:think
They need to be expulse from the country and if they are not there they should be banned entering the country to plant their eggs, as they are considered as the rotten left overs of dinasaurs	16:23:expulsed | 182:191:dinosaurs
not by the company... as you voided your warrenty by installing custom roms	41:49:warranty
cynangon mod should work.	0:8:Cyanogen
As a mytouch 4g owner I know the phone is pretty fast and their is no point installing a rom.	58:63:there
are the moors and penines in Yorkshire a lonely eerie place?	18:25:Pennines
ive never been to the yorkshire moors or penines at all...i can see the penines in the far distance from my bedroom window.	41:48:Pennines | 72:79:Pennines
Lope her to the left in circles, keep her head to the inside of the circle and push her but out, keep doing this if she breaks to a jog go a little bit bigger circle, till she can get enough balance to go small and small.circles	88:91:butt
My answer is that we don't to text speak here... we type in English.	27:29:do
Yo also may want to try "small neighborhood" restaurants and support family run places rather than the large corporate chains.	0:2:You
i have a 3-4 month old kitten and i live in forida.	44:50:Florida
i want to buy a laptop for my girlfriend in ireland,would she be able to just use the dongle she uses for her pc and put it straight in the laptop and it work like normall?	164:171:normal
But word of advice if you're get your girlfriend a laptop make sure its a good brand a not something like DELL, Acer, Asus, eMachines etc.	85:86:and
If in dongle you mean USB stick then yes USB sticks are the same any were you go :) hope that answered your question.	65:68:anywhere
some parents would not eat there fish till a certain age jack dempsey for example would not eat there offspring till they mature but i would move the baby fish into a smaller tank and feed them flakes	27:32:their | 96:101:their
iv owned beardies for ovr 3 yrs and i handle mine all the time.. they dont go hard lik eneedle hard but they arnt pillow soft.	83:86:like | 87:94:needle
they puff out to look bigger and badder and they can scratch you a lil if ur holding them to tight :)	90:92:too
Can someone cunclude how long it might take me to save up for the canan t3i or some extra tips to save/gain money? :O	12:20:conclude | 66:71:Canon
hey kido u made me smile	4:8:kiddo
I'm getting a dwarf Hamster tomorrow And i was just talking to my Mom and she said that we have to take out the wheel at night because it would disturb her sleep But i told her no because i said their energetic at night at my room is right next door to hers But i heard their are wheels that dont make noise at all what would be the price of it?	220:222:and | 270:275:there
well if your desired boarding station comes after more than 2 or 3 halts of the actual boarding point, then the TC will cancel you ticket and allot the seat to others.	127:130:your
my name is Josalyn Leainne Creek and i'm 19 years old and i graduated from high in May adn of this year and i love animals and i'm great at working and i had drama in my last job which was mcallister's deli and i', a mormon and i hvae changed to be a better person that pwople are wanting to hirier and i'm willing to work whenever you need me but i go to church on every sunday and i have a doctor's appointment this thursday at 2;30 and i hope you h=guys hirier me because i work very hard and i dont care about how much you guys pay and i've been looking for a job ever since i have graduated and i hate drama	230:234:have | 270:276:people | 292:298:hire | 457:463:hire
Canadian student visa, can I used for other schools?	29:33:use
(in the visa itself, it does not mention anything about which school I m suppose to attend, and problem is, the embassy here in DC are not too nice and would never answer ANY questions....) any advice please?	71:72:'m | 73:80:supposed
I've never had a dwarf hamster but I've had the same problem with my pet rat I put some chicken wiring around it the I got from home depot and now it can't out.	113:116:that
This is the cage I have whhich is pretty much IMPOSSIBLE to escape from:	24:30:which
Aquiriums are good also, but provide a mesh top for an easy airway.	0:9:Aquariums
I dislike this urban society and want to leave this whole enviroment.	58:68:environment
anybody is open to answers but I would much prefere somebody with traveling experience.	19:26:answer | 44:51:prefer
Why is it stil doing this even though I don't have the other phone connected?	10:14:still
Woud it be better if I got another filter and connected the other phone as well?	0:4:Would
For more info on lo-fi photography, check put my website:	42:45:out
You don't think is was because of female nudes considering the nearly naked girls/women seen at pools and beaches and the completely naked manikins that show up in store windows in malls during changes in display?	16:18:it
Also, don't forget to try out Korea's famous amusement parks!: Lotte World, Everland, and Carribbean Bay!	90:100:Caribbean
Carribbean Bay: http://tong.visitkorea.or.kr/cms/resource/81/188181_image2_1.jpg	0:10:Caribbean
If you have a pet store near buy some wheat,pigeon corn or even mixed bird seed will do,but do not feed bread.	24:28:nearby
Create a new layer and fill the later with black.	32:37:layer
Set the layer mode to "color" this will make your image blak and white.	56:60:black
You need to check with one of the major hospital that performance this procedure like Bumrungard Hospital or Yanhee Hospital.	40:48:hospitals | 54:65:perform | 86:96:Bumrungrad
I must through it away .	7:14:throw
What matters is how well trained he is, and how good your bond it.	63:65:is
If you're looking for a good burger, some great fries (they are too die for!), and good drinks, go to Chickie & Pete's!	64:67:to
If everything is looking good you may add you betta to its new home.	42:45:your
Lights are optinal since fish need the light turn off at night anyways and an air pump is not nessasary since they get air from the surface.	11:18:optional | 45:49:turned | 94:103:necessary
Is it possible to shoot lazers out of your Wang?	24:30:lasers
He was so eager to go in the nest and feed the baby and she always would go right away in the nest after him and give him a fight right there, were the baby was too.	143:147:where
I have to say that the baby does not scream after her of anything...he/she sleeps.	54:56:or
When the male gets his titts out the female gets mad with him knowing he can't produce milk.	23:28:tits
If your (US) provider has a deal with a canadian wireless company, you texts and calls will go through.	67:70:your
$ometime$ it is hard to explain that you are making an INTERNATIONAL call and all of the phone companie$involved what $ome of your money.	113:117:want
As i asked in the previous questions he was jumping up the sides of the cage but i was told is just becouse he is panicking and he wants to escape but he is ok now.	100:107:because
So now i wanted to bouild up relationship with him so i got a piece of carrot and i put it on my hand, i moved very slowly and he suddenly run away to his tube.	19:25:build | 139:142:runs
Why, how can i build up realtion ship with him he is also not useing the thing that he runs on and he wakes up walks around and goes to sleep again ???	24:32:relationship | 62:68:using
Thirdly, just put your hand in his cge ans leave it their.	35:38:cage | 39:42:and | 52:57:there
He willl eventually come and explore it and them you can handle him a little bit.	3:8:will | 44:48:then
Once he has properly settled down, got use to the new smells and noises he will be fine.	39:42:used
Microsoft has not announced there new console yet though it is believed to be in the works.	28:33:their
I feel X-BOX is a very smooth system i own it like 3 years, its very compatible to previous versions and mostly important i was very comfortable with the User Interface and the JOYSTICK....coz you dont wana hold a joystick that gives you discomfort.	105:111:most
According to a couple sources, the world record for the oldest cat was a cat in Devon, England who reportedly live to the age of 36.	110:114:lived
Gaining and loosing my cockatiel's trust...?	12:19:losing
This with ruin your bond, and you probably won't have another chance to build one.	5:9:will
check hobby shops and craft shops for small pieces of stock wood panels and wood blocks parts, you want carpenter wood glue, clamps, possibly small screws to hold corners together, miniature hinges, tape, paint, saws, drills, pencil ruler, paper, bryer horses	247:252:Breyer
I read somewhere that you have to hold his mouth together, and keep it that way til he panics.	80:83:till
yes do not hold any animals mouth shut it wil close their air way, hes just a kitty and they are very rambunctious , get him toys.	42:45:will
Its Really Good And The Rat Calculater Says Is Big Enough For 5 Rats, But I Would Put A Maximum Of 4 In It Really :)	28:38:calculator
Bottom if you are worried about the snake burning itself put something overt it like newspaper...	71:76:over
You can definately plan on a great meal with reasonable prices.	8:18:definitely
Otherwise, you can do what you can do in other parts or Japan, like shopping, eating, etc.	53:55:of
1) what thes difference between a modern m16 and Vietnam m16?	8:12:the
Than the troops being issued the weapon were told it was self-cleaning, which it wasn't.	0:4:Then
Is it safe to go to Rotarua, since the earthquakes?	20:27:Rotorua
I'm assuming this was in reference to the January earthquake, don't worry, it was very deep, so nothing was effected :)	108:116:affected
As for Christchurch, yes the aftershocks are still happening, but these are fairly small - you can feel them, but the don't do any damage.	114:117:they
Despite the aftershocks I would recommend going to Christchurch, just for the experience and then you can see first hand how things get effected by earthquakes.	136:144:affected
Paris or England while studying aboard?	32:38:abroad
I am going to try and study aboard but idk where I can go I cannot decide where do you think would be the best place to go?	28:34:abroad
London is a deliteful city to visit and easy to get around.	12:21:delightful
Nobody likes the Parisians, even then Parisians don't like Parisians.	33:37:the
I did this at age 13 in Champagne, France and it was the most amazing experice of my upbringing.	70:78:experience
Then the need to be mature, that is, old enough, and big enough to breed.	5:8:they
Large tank, no annoying tankmates, perfect water conditons and really good feeding.	49:58:conditions
Bredders take the one that in not very interested and put it alone in a breeeding tank for 3-5 days.	0:8:Breeders | 27:29:is | 72:81:breeding
They may not respond right away and they may fight so ther smaller one can fit in one of hide spaces if it gets attacked.	54:58:the
When she was spayed the vet had a hard time because she only has one uterine horn and he said this could mean she only has on kidney.	123:125:one
I love her and want to help her but I don't know when I'll be able to take her to to vet :( please help.	82:84:the
I want to apply for canada skilled immigeration program.	35:47:immigration
I got only 63 points while 67 minimunm is requirement.?	30:38:minimum
(I just thought he wanted me to see one of those chain letter things again) so I fineally checked it, and it was an e mail from southwest airlines telling me the flight dates for out family trip to Florida!!!	81:89:finally | 179:182:our
A least your going.!	0:1:At
Enjoy those 2 days it better then not going at all.!	29:33:than
Skin Color: Silkies have black skin color, which is dominate.	52:60:dominant
Sussex have White Skin which could be recessive or dominate.	51:59:dominant
Skin will be darker but lighter then the Silkies.	32:36:than
Beards/Muffs: If your Silkie has a beard/muff the offspring could have a beard as well, as these genes are incomplete dominate.	118:126:dominant
Feathered Feet/Shanks- Chicks could have feathered feet/shanks as this is also incomplete dominate.	90:98:dominant
Crest: Chicks could also develop a small crest due to this being another incomplete dominate gene.	84:92:dominant
Crossed together (five toes is incompletely dominate) chicks could develop to have an fifth toe on both, or even one foot.	44:52:dominant
Hens make excellent mothers as they are bigger, can see better, and are smarter the Silkies.	80:83:than
[edit - and she most be very new to modeling, because she does look unsure of her poses)	16:20:must
As far ask I’m aware our most unique custom would be the “Country Wake”.	7:10:as
In this time visitors will come to the house, pay their respects to the desisted and their family and have a couple of cups of tea with a sandwich or a bun.	72:80:deceased
The wake also included the night sit were friends and family sit up through the night with the remains.	37:41:where
Wakes are common both north and south of the boarder with Protestants and Catholics alike.	45:52:border
Pioneers take a pledge to remain tee-total and at the hight of the organization popularity, had an estimated two million members even filling Croke Park on the 25th anniversary.	54:59:height
The marches on the 12th of July are only really attended by protestants in the Ulster but in spite of the are the largest attended paraded in Ireland.	102:105:they | 131:138:parades
the irish customs we have in our family are; we make sinnel cake for easter ,barn brack and col-cannon for Halloween.	53:59:simnel
To a dog, watching T.V. is a lot like watching and old scratchy silent film because their flicker fusion seems to occur at a rate of 70 to 80Hz.	47:50:an
So they see the pictures flicker slower and there for it seems choppy to them.	44:49:therefore
Hearing is a dog’s secondary sense, and I will discuss that in another blog entery.	76:82:entry
First of if i went alone on a regular cabin how much would you estimate it would be just a guess.	6:8:off
and no you cannot customize an itinerary unless you book several different legs of a cruise with stops in between on shore.. say book a Panamal Canal crossing, then fly to Asia and pick it up again and sail to India then fly to Europe to sail the Med before flying to England to hit the Transatlantic corssing.	136:143:Panama | 301:309:crossing
As the southeast asians and philipinos came over, they added to the cultures.	28:38:Filipinos
So, the Bay Area has been fairly mixed ethnically for a long time--caucasians may have seemed to be a large populous but that's because most tourists back then were caucasian and many of the hippies were caucasians so that's who the photographers took pictures of.	108:116:populace
We also own two chickens that are kept in a run behind out garage/barn thing.	55:58:our
yea i guess but rabbits a easily escape a pen or another rabbit could get in there and that rabbit could be the opposite gender.	24:25:can
my friends and I are trying to melt bras to make some little figures.	36:40:brass
we have made a furnace as such, we took a clay flower pot with a hole in the bottom put a piece of steel pipe in the middle of it with a cap on the bottom, filled the pipe with brass scrap, surounded the pipe with charcoal lit it off and pumped air through the hole in the pot, everything got red hot but did not melt.	190:199:surrounded
I have melted small amounts of bronze in a crucible with a large propane torch (much larger than the plumbers torch, but it can be run of those propane cylinders you can buy for a gas grill).	135:137:off
Just today I bought a medium rat for my beloved Ball Python Salazar (name after Harry Potter).	69:73:named
iw ould just stick him in the tank and let your snake have a nice hunt for once, snakes jaws detach for this sort of this thing, so why not give her a good hunt, but if you do want him knock him id just throw him against the wall or something,, lol i dont know, i agree with you though throw him, haha	0:2:I | 3:7:would
Ok so if youre snake will take pre-killed, you can "gas it".	9:14:your
I would do the tupperwear idea TBH - easiest and most humane.	15:25:tupperware
You could also just wait until the rat passes out for about 1 minute and them feed it - at this point, it could still have a bit of a heart beat and be slightly still alive.	73:77:then
But, you could live where ever you fancy takes you.	20:25:wherever | 31:34:your
Being an American guarantees you no favours when it come to going to Canada.	52:56:comes
And every time he see some one he will rush to people and jump on them, doesn't listen to me.	18:21:sees
He is really excited about anybody he see.	38:41:sees
I'm looking to visit India with some mates at the beginning of February next year and I am wandering what standard of accommodation we could get for Rs 500 per person per night.	91:100:wondering
To Stay in Varanasi - Sandeep Hotel is you choice...	39:42:your
I could handle my mice, but they where skittish and preferred their cage.	33:38:were
They love leaf or romaine lettuce and tomatos, celery, cucumbers, carrots.	38:45:tomatoes
Also they can't eat potatos, they are toxic for them.	20:27:potatoes
If you keep the cage clean they don't smell and you can buy spray on cleaser for them, just massage it into their coat and groom them.	69:76:cleaner
They made need medication or deworming or something.	5:9:may
what r the requirements to apply for a delay birth certificate in canada?	5:6:'re
what r the evidentary requirements to apply for a delay birth certificate in canada?	5:6:'re | 11:21:evidentiary
they may then chose to ask you to bring more evidence, or just look up the record and hand you the certificate.	14:19:choose
Have you every traveled before?	9:14:ever
(I Have 1 year before collage!)	22:29:college
From Madrid to Seville to Barcelona an Valencia.	36:38:and
Yes, lots of time and lots of patients...	30:38:patience
...but basically, what I do is the same thing I did with my puppy...lots of patience, lots of time, lots of praise, lots of treats, and lots of repition....Right?	144:152:repetition
Also, any tour recommendations would be very helpful a well.	53:54:as
The are located right at 248 De Than St. in the heart of the back packer district.	0:3:They
I'll also trot doing, down 2 beats, up one for a wile, then up 2 down 1 making sure the weight is going into the balls of my feet.	49:53:while
All this will help you use both legs evenly, keep proper contact and use your wight correctly, to keep your leg in a good position.	78:83:weight
maybe a back brase will help, sometimes my back really gets to me and i've thought about getting one.	13:18:brace
He has been having diarheya everywhere and he began to vomit lastnight.	19:27:diarrhea
I have tryed to give him water but he wont take it.. what should i do?	7:12:tried
I feel like shit for saying that but after what they have done already i wont be buying grocerys for the next few weeks.	88:96:groceries
I will give them and call and see what they say.	17:20:a
Ok so i spoke to the vet and he said the give him white rice and boiled chicken but only a little at a time.	37:40:to
Seince he recieved the fluids lastnight he said not to worry about drinking water for at least a couple of days.	0:6:Since | 10:18:received
I went home at lunch to check on him and he is doing 1000etter he was actually walkin around and wagin his tail :) thanks everbody for the info its greatly appreciated.	57:62:better | 79:85:walkin' | 97:102:waggin' | 122:130:everybody
He could become severly dehydrated (especially if he continues to vomit and have diarrhea).	16:23:severely
However, when we are at parties or when they are people around she seems to ignore me.	40:44:there
She probably finds your company pleasing as a friend but you are not her choice a a boyfriend and she is trying to keep it on a friendship level, and trying to make you understand that she doesn't want to go further.	80:81:of
A little mellow dramatic?	9:15:melodramatic
I guess I'm extremely fortunate that I received a scholarship which paid about 800f my course fees through my degree.	82:83:of
he has been "biting" at her neck and stomach previously while they play without her meowing or anything so im wondering if he went a little to far that one time.	140:142:too
you need to do that for a least a week, or else this type of territorial fighting will happen.	24:25:at
When the Americans swept in with their Search and Destroy operations the Communists quickly leaned they could not stand up to the US firepower, and these regular troops were forced to flee the country and take sanctuary across the borders in Laos and Cambodia.	92:98:learned
The Communists thought they could defeat the ARVN, cause the fall of the South Vietnamese government, and the people would than rally to the Communist cause and leave the Americans stranded in a sea of angry peasants.	123:127:then
When give the ultimate choice, they rallied…	5:9:given
I have a basking spot lamp that says it is a double reflector that focuses 35% more light/heat and provides beneficial UVA rays important to the psycholical well-being of him.	145:156:psychological
He's getting used to his new home, but hasn't eatin yet.	46:51:eaten
The long tube UVB bulbs are best, like Zoomed's Repsitun model: http://lllreptile.com/store/catalog/reptile-supplies/uvb-fluorescent-lights-mercury-vapor-bulbs/-/zoo-med-24-repti-sun-100-fluorescent-bulb/ Remember to replace UVB bulbs according to the manufacturers recommendation after which time the bulb will no longer produce UVB even if visible light still is.	48:56:ReptiSun
You need to also provide a source a UVB lighting.	34:35:of
(the younger the eaiser to tame) Look for clean smooth feathers, beak, and clean vent feathers (the feathers around the butt..dirty vent feathers means the bird is not healthy) Look for a dark eye with no circles (the older ones have a circle ring in their eyes).	17:23:easier
Look for a lot of stripes in their head that starts from the beak and goes back to the back fo the bird.	92:94:of
the stripes are like hair the less stipes the older.	35:41:stripes
2) Then place you hand in the cage.	14:17:your
I took the cage and place it next to the couch.	20:25:placed
(this way the will associate your hand with food, and birds love food lol) Then I turned on the tv and watch.	10:13:they
(you can take breaks if you have too) and repeat the steps after about 2 hours.	33:36:to
3) After about day 2, they will start to eating the millet spray from your hand.	41:47:eat
Push you finger to their feet gently and say up.	5:8:your
( the first couple of times they will fly all over the cage but as long as you dont jump back or screem they will get used to you) They will have no choice but to go on your finger.	97:103:scream
When they see that you arnt harming them, the will go up on your finger when you say up.	42:45:they
After a couple of weeks mines knows when I say shoulder it means ot go on my sholder, when I say up it means to jump up on my finger, when I say up and out it means up on my finger and out of the cage.	24:29:mine | 65:67:to | 77:84:shoulder
We don't want it to be too cold (not sure when exactly there fall is... or what the weather is really like there during our autumn months), but we don't feel like we need to go right in the middle of summer either.	55:60:their
Afraid I cannot be more helpful, it is really a case of pot luck, although as the weather is so changeable often a cold wet morning will turn into a lovely warm sunny afternoon and evening or visa versa.	192:196:vice
Autumn is from mid August onwards as far as the weather goes if not officially according to the calender.	96:104:calendar
Separated and feed extremely nourishing stuff, they may produce more.	14:18:fed
The chlorine and ammonia (choramine) are not good for the eggs.	26:35:chloramine
From 1998 onwards, from its inception Disney cruise has attracted many and continue to attract more and more.	75:83:continues
There are other amnesties also.	16:25:amenities
I have seen horses Loose Nails On there Own And do just fine with ONE nail gone Now if he had left out 2 or 3 I would be wondering to...	19:24:lose | 34:39:their | 131:133:too
I really do belive he left the nail out becuse of the horses Hoof condition and Its a added bonus he would get to see her again	40:46:because
Well 6 weeks Later when he came back out He was again working on my mares front Foot and I looked Down and Yeah he had Wholes In his pants In the wrong places I bust out Laughing and He was like what???	119:125:holes
that was a strange way to flirt.. but i guss it was his way...	40:44:guess
But like i said nothing ever came of It.. the next time I saw him He had told Me he had To get married to a girl Who he worked with becuse he knocked Her Up..	132:138:because
I chalked it up to possible nerve damage, because this is what the vet thought and the other cheek muscle was fine and he had no theeth problems.	129:135:teeth
He is gant looking in his flank area and is losing topline muscle.	6:10:gaunt
This is a horse that I otherwise wouldn't be able to afford and even if I spend 2K and treatment I come out ahead of his purchase price.	83:86:on
I posted what the owner as said in paragraph 2 & 3, that is not me to clarify.	24:26:has
He's dropping we	14:16:weight
We've always liked big long trotters that do better on mile tracks then 1/2 mile.	67:71:than
You should have you chiro out before you decide if you want this horse or not.	16:19:your
If you have a good repoire (which I'm sure you do) with them, they should be honest on if this horse is fixable to any degree... not really sure what you want to do with him...	19:26:rapport
Dr Greenwalt fixed my neck from a snowboard injury and was way more effective that a regular doctor.	78:82:than
If you need a cater that is affordable and easy to work with they are the ones.	14:19:caterer
I came to La Crosse to go to college, and my mom would send me birthday flowers though here.	80:86:through
I was experiencing severe back pain to the point I could barely walk or even bare to sit.	77:81:bear
Mark at Tintman Nationwidetints Ltd, did a very Professional job very quick, no fuss, deliverd the car to me and I drove him back home,Great arrangement Great price!!	86:94:delivered
In this hard economic times is very important to save money Very reasonable prices top quality work The owner operator he does all the the work with Helpers very friendly I definitely recommend this this guys Don't get jack by big companies that they pay alot of money to be on top of the list Thanks	219:223:jacked
Had a meal in this pub and i have to say it was excellant.	48:57:excellent
They were accomdating with my scheduled and work with my insurance to get payment for the surgery.	10:21:accommodating | 30:39:schedule
The program has been a postive experience for my children.	23:30:positive
Where else can you go for $10 and recieve this treatment?!	34:41:receive
Best Chineese food in the area	5:13:Chinese
Slowest, Unfriendly Sstaff on Weekends	20:26:staff
Skip te rest - this is the best	5:7:the
Staff is super friendly, treat you as a friend.	25:30:treats
Marek Dzida the owner and photographer puts whole heart in his business - If you are into old fashion (Not Digital) quality photography this is best place in Long Beach as I think not many folks can do affordable traditional photos anymore I know Marek personaly and I will always recommend him	94:101:fashioned | 253:262:personally
The coffee taste BURNT and very bitter.	11:16:tastes
they save me from having to deal with Tmobile...	5:9:saved
Tmobile want to Send of my phone and i didn't want to go thru that...	21:23:off
Hair By Nivine in eastgardens fixed my hair after i had my hair cut and colored at another salon i felt more confident and the girls are fantastic and ive been going there now for 2 years always happy and they care about my hair had my hair done for my wedding it looked fabolous !	271:279:fabulous
and there prices are really good!	4:9:their
Theres a reason why Frank mcclelland was named best chef of the north east reigon.	75:81:region
Everything is delicous and cooked perfectly.	14:22:delicious
Since then we have decided to have them manage our other investment properties as well as we getting older and can no longer perform all the inquires.	141:149:inquiries
Rcommended by bees, too!	0:10:Recommended
Very Accomodating	5:17:Accommodating
We arrived early and the staff was very accomodating to our families and the situation we were in.	40:52:accommodating
I go every other week for the shallac/gel manicure which is only $25 and it truly lasts 2 weeks!	30:37:shellac
Hopless service, at the time of booking my car a lot was promised but delivered not even one tenth of what was promised.	0:7:hopeless
My advise to all is I have fallen into this trap ... pl ensure you dont!!!	3:9:advice
HCC's new nine was a little shaky at first, but the NEW grounds superintendant has done wonders for the course!!	64:78:superintendent
This place may have been something sometime; but it way past it "sell by date".	61:63:its
yep they fixeded my thumpstar in 1 day.	9:16:fixed
it wasent going an had a gear box problem....	16:18:and
i coldn't find anywere else local to fix it so i took it there and they fixed it for $150...	15:22:anywhere
thanks guys goes really well and thaks 4 the cheap price..	33:38:thanks
excellent, top guys a+++++ reccommend to anyone!!!!!!!!!!	27:37:recommend
Dr. Aster is very kind an gentle with the children, but also positive and to the point with the parents.	23:25:and
She is and excellent doctor to have on one's team.	7:10:an
He was prompt, knowledgable, friendly, clean and just an overall great guy who obviously cares about his business.	15:27:knowledgeable
I will reccommend his services however/whenever possible!	7:17:recommend
I had sonic in many other palces but for some reason this sonic is always just covered in grease and not good... :(	26:32:places
I hope they get there act together...	16:21:their
Satisfactory for sure with the sercvice!	31:39:service
Beats having one "cleaning lady" who took twice as long and did not do a very through job like the "maids" did!	78:85:thorough
Brought my wife Deb with me and she like the Fried Crab Wontons and said they were good..	36:40:liked
The people working their are also extremely polite and friendly.	19:24:there
He also inspected my entie roof to see if there was anything else that needed attention.	21:26:entire
The new management is tricky and talk you into getting video rental agreement.	33:37:talks
This is the most humble gym you will every step into.... if you dare to work on your body don't be surprised when you see how addicting going to FITNESS UNLIMITED can be!!	37:42:ever
Secondly, the enchladas did not come with enchilada sauce..but chili...like Hormel's chili..the cheese was American cheese!	14:23:enchiladas
I was very happy with the customer service and even more please with the portion size, to go box set up and quality of the food for the price.	57:63:pleased
I have been here before and the service was absoulutely great.	44:55:absolutely
They had a great selection of colors to choose from and their seats are super comfty.	78:84:comfy
I enjoy going there although i've only been there once, i will be returning toda to recieve a pair of french tips and i will only go to the best and to me the best is here.	76:80:today | 84:91:receive
i reccomend you to go and enjoy their wonderful hospitality.	2:11:recommend
Anna Marie and Govind are very sweet people, and the minute you steep into their school, the calm loving atmosphere takes over, and tension and worries stay outside in the street, whether or not you pick them up again after class is probably a question of practice.	64:69:step
One guy is a little surley, but who gives a crap as long as your car's work is outstanding.	20:26:surly
My pup has a wonderful temperment and has been a wonderful addition to my family!	23:33:temperament
Had to go the the bus boys station ourselves to get napkins.	10:13:to
Only one server, too buys talking with others I guess.	21:25:busy
You are knowledgeable, professional, gentel and kind.	37:43:gentle
I wish I had you as my dentist early on in my life - maybe my teeth would have been a lot better then they are now, However I am glad you are my dentist now.	97:101:than
I called and asked about the price for hair updo and the receptionist or owner who aswered the phone refused to tell me, or even just give me an approximate price range.	83:90:answered
And this litttle gem of a 7-table restaurant is a complete and utterly wonderful surprise.	9:16:little
Consistantly poor	0:12:Consistently
A lack of organisation, coupled with the distain for its customers, makes this the worst rental agency I have used.	41:48:disdain
I'm compeltly dissatisfied with their service and their products.	4:13:completely
My hair is uneven and it looks rediculous.	31:41:ridiculous
I generally like the BK over the other fast serving restaurants; however, I regreted to visit this restaurant at my town.	76:84:regretted
Once they fixed it they answetred all of my questions with no hesitations and then gave me the best quote ever.	24:33:answered
Excellent service, Not only did they get the exact car I wanted win in 48 hours but the sales man also took me out to lunch.	64:67:within
I would reccomend anyone to go see Jana Kueck and Robin Talley to see all the many procedures they have to offer.	8:17:recommend
In just 2-3 focused lessons, I'm already now capable of picking up new songs off YouTube guitar how to videos and am even writing my own orginals with confidence!	137:145:originals
I FUCKING HATE THIS PLACE EVERY TIME i GO THIS HOT CHICK SHOWS UP AND i MEAN REALLY HOT BUT SHE IS LIKE REAAAALLY DUMB AND THEN THEIR IS THIS OTHER CHICK THAT IS REALY UGLY BUT SHE IS LIKE SUPER SMART SHE COULD BE A SCIENTIST, BUT THEN THEIR IS THIS STONER WHO ALWAYS COMES HERE HIGH AND HE ALWAYS BRINGS HIS FUCKING DOG WHO IS SO HIGH FROM THE SECOND HAND SMOKE I THINK HE IS TRYING TO TALK.	128:133:THERE | 162:167:REALLY | 236:241:THERE
ANYWAY WE DRIVE AROUND IN MY VAN AND SOLVE MYSTERYS AND SHIT	43:51:MYSTERIES
Their Food was better then anything I had ever tasted.	22:26:than
This is one of the worst places I have stayed, we cut out stay short and went to the Mulberry.	54:57:our
The only problem that I had in 2 years of living there was that the walls are pretty thin, sometimes I could here my neighbors conversations.	109:113:hear
I HATED SUSHI BEFORE BUT NOW I CANT STOP EATTING IT!!!!!!!	41:48:EATING
Chicken saltimboca was excellent and then there's the chocolate mousse that comes straight from heaven.	8:18:saltimbocca
Pay extra attention to the appetizers - the next time I go there I'm planning on ordered a few instead of an entree.	81:88:ordering
I purchased a nissan from this dealship.	31:39:dealership
I have been a patient a NW hospital and it was great.	22:23:at
The staff and the Principal are rediculous, they don't listen to any input, and they make up rediculous rules ( They banned backpacks, because a teacher TRIPPED OVER a student's).	32:42:ridiculous | 93:103:ridiculous
The staff do occasionally get game info correct, but if your looking fot a good game and aren'ta nerd, dont ask them.	69:72:for
Overall they aren't very knowledge about the type of games are on the market.	25:34:knowledgeable
The only thing I found edible were the potato wedges, I finally gave up, he kept trying - he found the fried wantons to be OK - His Mongolian bowl was awful.	109:116:wontons
Both the engagement and wedding pictures that he took for us we absolutely amazing.	61:63:were
But just this week a peddle broke.	21:27:pedal
So they were going to charge him for new peddles and proceeded to put them on without even telling him the price.	41:48:pedals
The people there attempt to come across and professional and nice, but I was disappointed with their customer service.	40:43:as
I was looking to bring a customer to their lot to buy a car but the Internet salesperson Last name is Balazick sent me this email "AND IF IT WAS WORTH MY TIME I WOULD OF BOTHERED ASWERING YOUR QUESTIONS.	179:187:ANSWERING
Those things ended up being a windsheild washer fluid tank (1 screw) and the air filter canister (4 spring clips).	30:40:windshield
Tina is the driving force of the business and you can be assured that she will endevour to satisfy all your signage requirements at the most cost effective rates.	79:87:endeavor
You should give her a try - it's worth every penny to know that you pet is in GREAT hands with Wunderbar pet sitting!!!!	64:67:your
Restored my faith in Mechaincs.	21:30:Mechanics
My waiter was so excellent I gave him a 75% tip, and it was worht every penny..	60:65:worth
I just discovered her has a place right near my work ( Color me Phat) If you are looking for a romatic place with the best food and service in the valley Giovanni Ristorante should be your number 1 + 2 choice.	95:102:romantic
Holly is truely the best hairstylist!	9:15:truly
I have lived in the UTC La Jolla area for many years, and I never new this salon was here until a friend reffered me to see Holly here.	66:69:knew | 105:113:referred
Holly is very experienced and talented, and I could tell she new what she was doing right off the bat.	61:64:knew
I deffenitly reccomend this salon and Holly to anyone.	2:12:definitely | 13:22:recommend
This is one of the best farms I have ever been too.	47:50:to
all of the pho places taste the same to me, so what seperates one from the other is the service and the price.	52:61:separates
Since this is an alternative therapy I always refer clients to a lisenced therapist when I feel that is appropriate.	65:73:licensed
Bramen Honda was a bit of a hassle.	0:6:Braman
Eagle Transmission determined that much of the work the dealer said needed to be done was unneccesary and what needed to be fixed was only $400!!	90:101:unnecessary
With these fusions, chiropractric isn't as successful, but it still is very helpful.	20:33:chiropractic
The flowers were all that I hoped they would be, I have attended several funerals of late unfortunately and the flowers I recieved from Ana outshone them all.	122:130:received
Great Sanwiches, Great Prices	6:15:Sandwiches
Best of all, the staff is quick on their feet and even with long lines, usually serve you in 5 minutes or less.	80:85:serves
It's a bloody church, for chrisssake!	26:36:chrissake
Go there on christian holidays for a bit of churchy grandure.	52:60:grandeur
It's historical for Sf, so when your aunte comes for a visit, take her there.	37:42:aunt
Great for the kiddies - they love the labyrinth (don't forget to tell 'em its really a 'pagen' thing!).	88:93:pagan
ok but just becuse we where on a tight budget.	12:18:because | 22:27:were
me and my dad where in NJ for a kc chiefs(my home team)vs the NY jets and for game 4 of the world series.	14:19:were
i mean a 2 day stay was a ok stay even tho the manager looked like he was chineze and that we only slept and went out from 8 to 7 to see New York.	74:81:Chinese
but sice we almost just slept there i cant give that good of a review	4:8:since
She sort of appologized for Dan taking the day off to go skiing - but he could do the repair on Sunday!	12:23:apologized
With all the child predators out there, a busy road, cars speeding by...... and you are going to let some 4/5 year olds wonder around cause you're money hungry?	120:126:wander
We were expecting a great experience, when we recieved a friendly greeting by the hosts.	46:54:received
To start we tried the guacamole and salsa verde, it was completly flavorless.	56:65:completely
We orderd our meals anyway, chimichangas,jalapeno borritos, and quesadillas.	3:9:ordered | 50:58:burritos
they seemed more interested in helping me find the right car rather then just make a sale.	68:72:than
The owner warned me that it was the best salsa I would ever had, and he was right.	60:63:have
in my opinon this place should be shut down by the health inspector, and anyone who is satisfied with there service and food has never eaten at a real asian restaurant.	6:12:opinion | 102:107:their
We arrived Sunday at about 230 and found a do we really liked.	43:45:dog
I called the next morning to let then know my wife would be driving in.	33:37:them
Huge ammount of time wasted time and elevated blood pressure.	5:12:amount
We have had nothing but compliments on our bathroom when guest come over- who would have guessed that one?	57:62:guests
I admit that I should have paid attention to this kind of little things while test drive.	83:88:driving
It wasn't completly impossible!!!!	10:19:completely
Billing takes 15 minutes and backoffice jobs takes 1 day's training	45:50:take
Disatisfied customer, I went through Kitchen Aid and used one of their recommended vendors.	0:11:Dissatisfied
He also hurt my toes will pushing my cuticles back.	21:25:while
After my sampler & sandwich, I asked for a pint of there Nitrogen Love Stout, I must say I was impressed, with the great taste & I am a Guiness Lover so coming from me, I think this is better, its less dry & smoother!	51:56:their | 136:143:Guinness
The only negative I have abou this place is the parking!	25:29:about
Turns out the engine had no oil, and when oil was put it, it would just run out of the filter.	54:56:in
They also claimed not to see anything wrong with the blower fan (a seperate issue), but when I drove the car home I had the same symptoms.	67:75:separate
I will never purchace another vehicle from Vic Canever.	13:21:purchase
However, we waited and waited and in the mean time, saw 4 groups of people simply just paraded in without signing there names.	114:119:their
My conclusion is that you should only go there if you want to wait a least an hour and see all kinds other people being seated before you.	67:68:at
Blue cross has no record of aa reversal.	28:30:a
sheisters	0:9:shysters
Their so called mechanic said the engine was good and "There is nothing mechanicly wrong with this truck".	72:82:mechanically
Well I think a blown engine falls under the catagory of mechanics right?	44:52:category
I called and got the same runaround on hold and noone calls you back.	48:53:no-one
Be warned- they'll ltake you for everything they can.	19:24:take
The motel is very well maintained, and the managers are so accomodating, it's kind of like visiting family each year! ;-)	59:71:accommodating
I personally have had wonderful service and if youre truely looking for a FAMILY practice...Warner Family is the place for you.	53:59:truly
On top of that though they tried to charge us service charge just to rub it it....	76:78:in
I actually loss 4 pounds after my 1st treatment and 2 pounds after my 2nd treatment.	11:15:lost
The owners of Bowtie manged to add something new while preserving what was already there.	21:27:managed
The mangers also play a classic movies on Sundays, you can get a beer in the lobby, and repeat customers can get discounts if they have a member card.	4:11:managers
I asked her who she worked with and she just told me ti was the sales manager.	53:55:it
I thouhgt it would be out of my price range but they really worked with me and now I couldnt be happier.	2:9:thought
lol They where super friendly towards us and treated us like people not walking bags of cash.	9:14:were
The food is excellent, the serivce is horrible.	27:34:service
However, the bartenders/waitresses definately need to be re-trained (if they ever had any to begin with) and learn two things: only chat with customers when other customers are not impatiently waiting and to look around more often to see if people are waiting.	35:45:definitely
the staff is very personable & actually care about the customers safety rather than taking there money.	40:44:cares | 91:96:their
He finally admitted that only the 4 ADA room alarms had sounded, so only 4 guests were effected (no big deal to him).	87:95:affected
The poor quality starts at the receptionist desk, where the staff is very impatient and lack the efficiency I once loved about the office.	88:92:lacks
The moving company is actualy based in Brooklyn, but advertised all over NY/NJ, including Fort Lee.	22:29:actually
When the guys arrived (2 hours later than agreed) they told that you have to pay all the tolls they payed coming from Brooklyn and extra $100 for them to drive back from your destination.	100:105:paid
That was not in agreement eather, but they realy demand it.	26:32:either | 43:48:really
So I still can recomend them but prepare pay twice as much as they tell you initially.	15:23:recommend
Unfortunalty my husband and I had to put our 13 year old lab down that morning and we were not expecting this.	0:12:Unfortunately
I called 3 times to talked to a manager, never a call back.	20:26:talk
I congratulated this establishment for doing the research on making NYC pizza because these Scots fcking nailed it.	98:104:fucking
I WAS ALSO THERE OF JULY 4TH 2008, WHEN MY DAUGHTERS BUFFALO WINGS CAME OUT WITH A FLY ON IT.	17:19:ON
BUT EVERYONE HAS THERE OWN WAY!!!!!!	17:22:THEIR
also, you can call em ahead of time, and then go to pick up ur food, or have it delivered**.	19:21:'em
that cuts down on teh wait time, cus u can do other stuff while ur waiting.	18:21:the
It was a black female that use to work in the office.	27:30:used
I have stayed in this hotel many times, and while it typically offers a decent bang for the buck, its client base largely consists of troubled youngsteers and evictees from the local, not so pleasant hood.	143:154:youngsters
I chose the later, but approached the front desk about the hotel policy to push over their responsibilities on local authorities, not to mention the good nights sleep i paid for but didnt get.	12:17:latter
He preceded to grab the slice off the countertop and throw it into the trash while yelling at me saying, "you do not order what you do not know about" and "you don't know how pizza is made".	3:11:proceeded
The staff taking your order and "waiting" on you are very indifferent and have no sense of costumer service at all.	91:99:customer
Save yourself the trouble and skip this place all together.	46:49:altogether
I rrly seek the cehf out to introduce myself-- but the second time we went-- i made a point of asking our wait person to introduce my friend and myself to the chef to tell him just how good our meals were.	2:6:rarely | 16:20:chef
Cannot wait to go gain.	18:22:again
I feel that the way some doctors offices work around here is a little bit absurd so I'm happy that these guys don't do those two things in particlular.	139:150:particular
Anyhow, after reading some of the other reviews it seems like some of the other reviewers are expecting mircles.	104:111:miracles
This can tend to be a stressful experience in itself let alone adding crossing boarders for the first time.	79:87:borders
I frequent this resturant on a weekly basis but usally only for lunch.	16:25:restaurant | 48:54:usually
Bottom line is that when it's a small privatly owned resturant like this is you can tell that the owners and employees take pride in their product and service.	38:46:privately | 53:62:restaurant
I had hear great things about Phet and G&G Automotive so I decided to give him a try.	6:10:heard
We were familiar with Search Engine Optimization strategies, but new nothing about Social Media - we just heard that it was the next big thing.	65:68:knew
I called Home-Excel the next day to order a replacement screen for the window, and was happily surprised when they said that they weren't even going to charge me for the replacement screen...that it would be covered under their guarentee.	228:237:guarantee
They also got my friends order mixed up and wanted to charger her $10 more than what she had wanted.	54:61:charge
I dropped off a sheet metal piece that I needed copied due to th it was needing to be replaced.	62:64:that
I picked it up when it was finished and was charge 30.00.	44:50:charged
I took the original piece of metal and rigged it to make due since I had to complete the job.	57:60:do
She told me that was to bad she would do nothing to help me since she could not use or resell the piece.	21:23:too
There are to many people that need our business to have to put up with this unfair treatment!!!!!	10:12:too
Back to my poor rating - I was excepted to medical school and went in to cancel my membership as I was told I could do since I was moving away.	31:39:accepted
Asked why, Rod simply told me that he had to research how to do the amendment (it was an amended to show that I had purchased a home - nothing out of the ordinary, one would think) and that took time to figure out.	89:96:amendment
Upon delivery it was clear the entire set was damaged: a piece of wood was broke on the headboard; the chest of drawers was missing all four pieces necessary to attach the legs; the dresser back legs were pushed in causing the dresser to lean into the wall; and a nighstand was missing a drawer.	264:273:nightstand
After complaining on September 10th to National Home Furnishings, Boyles, the Hickory Furniture Mart and Home Delivery Service the latter finally called me back and said they would be up to pick the dresser and chest of drawers at some future point and at some later point it would be professional repaired and at some later point it would be returned.	285:297:professionally
The customer service at Home Delivery Service was terrible let alone their promise to proper set up furniture.	86:92:properly
To my friend, thank you for your recommendation... you were true to your words in saying Gerry is a "Saintly Instructor ...Absolutely Simple the Best Instructor and Best Driving school there is!	134:140:simply
Then he renigged when he read my Health Care Proxy, even though i agreed to be on the ventilator for 2 months following surgery (as he had twice stated i must agree to).	8:16:reneged
Even my PA i went to the other day said "it must by comforting to have gone to a heart surgeon like him who will do nothing for you".	49:51:be
They either: a) don't want to give it to me because they don't want me purchasing the dress elsewhere or b) are recreating the dresses themselves (ie STEALING other designers' dress designs and "filling the orders" by their own seamstresses).	147:149:i.e.
I waited about 20 minutes in the store part before anyone was able to assist me and was then told to pull my car into the shop (that is apparently what you are supposed to do, but the big signs pointing you that way are for some reason kept inside the garage, so you don't see them drving up, and they purposely block the front pull-up that all other Sear's use).	282:288:driving
