faute	cible
abberant	aberrant
abbreuvoir	abreuvoir
abcess	abscess
abdomenally	abdominally
abdomenoplasty	abdominoplasty
abendazole	albendazole
abhored	abhorred
abhoring	abhorring
abhorrant	abhorrent
abitrary	arbitrary
abnoxious	obnoxious
aboreal	arboreal
aboricultural	arboricultural
aboriculturist	arboriculturist
aboriculturists	arboriculturist
aboriginie	aborigine
abortificient	abortifacient
abration	abrasion
absail	abseil
absailing	abseiling
abscence	absence
absense	absence
absorbsion	absorption
absorbtion	absorption
absorbtivity	absorptivity
absorvance	absorbance
abstenious	abstemious
abuseability	abusability
abuseable	abusable
acantocephalan	acanthocephalan
acceptibility	acceptability
accessability	accessibility
accessable	accessible
acciacatura	acciaccatura
accidentaly	accidentally
accidentily	accidentally
accomodating	accommodating
accomodation	accommodation
accomodator	accommodator
accordian	accordion
accross	across
acctually	actually
accually	actually
accummulation	accumulation
acerage	acreage
acetazolamine	acetazolamide
acetazolomide	acetazolamide
acetilenic	acetylenic
acetominophen	acetaminophen
acetozolamide	acetazolamide
acheive	achieve
acheivement	achievement
achieveable	achievable
acknowlage	acknowledge
acknowlege	acknowledge
acotinic	aconitic
acount	account
acountable	accountable
acousticly	acoustically
acquaculture	aquaculture
acquaintence	acquaintance
acquifiers	aquifers
acrage	acreage
acrue	accrue
actally	actually
actosyringone	acetosyringone
acually	actually
acutally	actually
adament	adamant
adamently	adamantly
adducable	adduceable
adherance	adherence
adipocity	adiposity
aditionally	additionally
adjenda	agenda
administeration	administration
administratix	administratrix
adoreable	adorable
adrenolectomize	adrenalectomize
adress	address
adryamicin	adriamycin
adsorbtion	adsorption
advancable	advanceable
affadavit	affidavit
affadavits	affidavits
affectionado	aficionado
afformation	affirmation
afluzosin	alfuzosin
afordable	affordable
aformentioned	aforementioned
agap	agape
aggrevate	aggravate
agiotensin	angiotensin
aglomerate	agglomerate
agnoletti	agnolotti
agrandize	aggrandize
agress	aggress
agression	aggression
agressive	aggressive
agressiveness	aggressiveness
airborn	airborne
aisless	aisleless
ajarred	ajar
ajudicate	adjudicate
aknowledge	acknowledge
akward	awkward
albiet	albeit
alcalinization	alkalinization
alchohol	alcohol
aldosterol	aldosterone
aledronate	alendronate
aleviate	alleviate
alfatoxin	aflatoxin
alfentanyl	alfentanil
alhamdullilah	alhamdulillah
aliquote	aliquot
alkoholism	alcoholism
alleatory	aleatory
alledge	allege
allegience	allegiance
allemand	allemande
alleopathy	allelopathy
alligation	allegation
allochotonous	allochthonous
allochtonous	allochthonous
allocthonous	allochthonous
allrighty	alrighty
allways	always
alopurinol	allopurinol
alotted	allotted
alternatative	alternative
alterred	altered
alterring	altering
alveolae	alveoli
alveolous	alveolus
amatadine	amantadine
amatuer	amateur
ambidexterous	ambidextrous
ameloride	amiloride
amiloid	amyloid
ammend	amend
ammount	amount
amourous	amorous
amourously	amorously
amourousness	amorousness
amphipatic	amphipathic
amphiphatic	amphipathic
amphotericine	amphotericin
ampitheater	amphitheater
ampitheaters	amphitheaters
ampitheatre	amphitheatre
ampitheatres	amphitheatres
amplication	amplification
ampoul	ampoule
amyloride	amiloride
amylotrophic	amyotrophic
amyolotrophic	amyotrophic
amyotropic	amyotrophic
anacrobic	anaerobic
analagous	analogous
analagously	analogously
analise	analyse
analyist	analyst
analysors	analysers
analyzis	analysis
anastamosis	anastomosis
anastrazole	anastrozole
anathomical	anatomical
anciliary	ancillary
androgonous	androgynous
anenome	anemone
anesthesize	anesthetize
anesthesized	anesthetized
anexic	axenic
angiotension	angiotensin
anglecized	anglicized
anihilate	annihilate
anisotrophy	anisotropy
ankryin	ankyrin
anniseed	aniseed
annotater	annotator
announcable	announceable
annualy	annually
anomoly	anomaly
anoying	annoying
antabonist	antagonist
antagonically	antagonistically
antecubal	antecubital
anteriograde	anterograde
anteriolateral	anterolateral
anteriolaterally	anterolaterally
anthacyclin	anthracycline
anthralgia	arthralgia
anthropod	arthropod
anthroquinone	anthraquinone
anthroscopic	arthroscopic
antibodys	antibodies
anticlimatic	anticlimactic
anticlinical	anticlinal
anticoagulent	anticoagulant
anticubital	antecubital
antihystamine	antihistamine
antipasta	antipasto
antipatherian	antipatharian
antroposphere	anthroposphere
anually	annually
anueploid	aneuploid
apendicularian	appendicularian
apeture	aperture
aphoresis	apheresis
apocolypse	apocalypse
apopotosis	apoptosis
aporcine	apocrine
aposomatic	aposematic
appaled	appalled
appaling	appalling
apparant	apparent
appartement	apartment
appatite	apatite
appauled	appalled
appearence	appearance
appendeces	appendices
appetetive	appetitive
apreciate	appreciate
apropo	apropos
aquaduct	aqueduct
aquaintance	acquaintance
aquiesce	acquiesce
aquire	acquire
aquit	acquit
aquitted	acquitted
arachedonic	arachidonic
arachnephobia	arachnophobia
arbiraterone	abiraterone
arboriality	arboreality
archaelogical	archaeological
archaral	archaeal
archeae	archaea
argenine	arginine
arginene	arginine
arguement	argument
arithmatic	arithmetic
arithmatically	arithmetically
aromotase	aromatase
arrangment	arrangement
arrividerci	arrivederci
artemesinin	artemisinin
arteriodactyl	artiodactyl
arterovenous	arteriovenous
artherosclerosis	atherosclerosis
arthopod	arthropod
arthrialgia	arthralgia
arthrocopic	arthroscopic
artical	article
articel	article
artifical	artificial
artisinal	artisanal
arythenoid	arytenoid
asceptically	aseptically
ascerbate	acerbate
ascitalopram	escitalopram
asisst	assist
asparginyl	asparaginyl
asperagine	asparagine
asprin	aspirin
assesment	assessment
assidious	assiduous
assinine	asinine
assistence	assistance
assoziate	associate
assoziation	association
assymetrical	asymmetrical
astocytoma	astrocytoma
asymtope	asymptote
asynchronus	asynchronous
asyncronous	asynchronous
atheroscleroma	atherosclerosis
athiesm	atheism
athiest	atheist
athiests	atheists
athresia	atresia
athrodesis	arthrodesis
atoneable	atonable
atorvastin	atorvastatin
atorvostatin	atorvastatin
atrovastatin	atorvastatin
attaintment	attainment
atzanavir	atazanavir
audioradiograph	autoradiograph
auracarian	araucarian
authogenous	autogenous
authonomous	autonomous
authorative	authoritative
authoritive	authoritative
autocthonous	autochthonous
autoctonous	autochthonous
autogeneous	autogenous
automonic	autonomic
autothonous	autochthonous
auxillary	auxiliary
auxilliary	auxiliary
avacado	avocado
avaidable	available
aweful	awful
awsome	awesome
awsomest	awesomest
azathiopurine	azathioprine
azetasolamide	acetazolamide
azetazolamide	acetazolamide
azithromyicin	azithromycin
azothioprine	azathioprine
azoxysyrobin	azoxystrobin
bacculoviral	baculoviral
backround	background
baclophen	baclofen
badley	badly
badmitten	badminton
bafoon	buffoon
bagpacker	backpacker
bagpacking	backpacking
balancable	balanceable
balistically	ballistically
balloonneer	ballooner
balloonneers	ballooners
balogna	bologna
bandwith	bandwidth
banend	banned
bankrupcy	bankruptcy
barcolounger	barcalounger
barrista	barista
barristas	baristas
basicly	basically
bassically	basically
bastocyst	blastocyst
bawble	bauble
beacause	because
beacuse	because
beastiality	bestiality
beatle	beetle
beautyful	beautiful
becomeing	becoming
becuase	because
befor	before
begginer	beginner
beggining	beginning
begining	beginning
beleaveable	believable
beleive	believe
beleived	believed
beleiver	believer
beleives	believes
beleiving	believing
believeable	believable
belivable	believable
bellweather	bellwether
bellweathers	bellwethers
bellwhether	bellwether
beneficience	beneficence
benefitial	beneficial
benificial	beneficial
benifit	benefit
benifits	benefits
bentricular	ventricular
benzodiapine	benzodiazepine
benzodiazepene	benzodiazepine
berylium	beryllium
beserker	berserker
bethroth	betroth
bethrothal	betrothal
betweeness	betweenness
bibiliography	bibliography
bicultamide	bicalutamide
bigest	biggest
bimimetic	biomimetic
bioluminiscent	bioluminescent
bipuvacaine	bupivacaine
bipuvicane	bupivacaine
bizy	busy
bizzare	bizarre
bizzarely	bizarrely
blatently	blatantly
blead	bleed
blunderbust	blunderbuss
boggery	buggery
bological	biological
bolth	both
bonzidine	benzidine
borogrove	borogove
botyroid	botryoid
bouncable	bounceable
bouy	buoy
bouyant	buoyant
bowdacious	bodacious
bowlderised	bowdlerised
braggadoccio	braggadocio
breakfest	breakfast
breakman	brakeman
breastroke	breaststroke
brightley	brightly
bruhe	bruh
bryh	bruh
bryozan	bryozoan
buccalingual	buccolingual
bucolingually	buccolingually
buisness	business
bukakke	bukkake
bulemia	bulimia
bulemic	bulimic
bulga	bulgur
bullys	bullies
bupivicaine	bupivacaine
bupremorphine	buprenorphine
buprenorfine	buprenorphine
buprenorphrine	buprenorphine
buproprion	bupropion
burenorphine	buprenorphine
burgler	burglar
burpenorphine	buprenorphine
burprenorphine	buprenorphine
bussle	bustle
buttom	bottom
bycicle	bicycle
bzillion	bazillion
cabecitabine	capecitabine
cabinent	cabinet
cachetic	cachectic
caclitriol	calcitriol
cadance	cadence
cadances	cadences
cadevaric	cadaveric
caffiene	caffeine
caffufle	kerfuffle
cafuffle	kerfuffle
calavarial	calvarial
calcaneous	calcaneus
calipygian	callipygian
calivarial	calvarial
callogenic	collagenic
calvalry	cavalry
calverial	calvarial
calviform	claviform
calypterate	calyptrate
camoflage	camouflage
camoflaged	camouflaged
camoflague	camouflage
cannabal	cannibal
cannabalise	cannibalise
cannabalism	cannibalism
cannabalistic	cannibalistic
cannabalize	cannibalize
canoing	canoeing
cantalope	cantaloupe
capeable	capable
capitolize	capitalize
capoierista	capoeirista
cappucino	cappuccino
caprichio	capriccio
capriomycin	capreomycin
capthepsin	cathepsin
caramide	ceramide
carbecillin	carbenicillin
carbemazepine	carbamazepine
carbenexolone	carbenoxolone
carbenoxalone	carbenoxolone
carbenoxelone	carbenoxolone
carboxycylic	carboxylic
carburator	carburetor
carcus	carcass
cardiomiopathy	cardiomyopathy
cardridge	cartridge
carmazapine	carbamazepine
carminoma	carcinoma
carnivourous	carnivorous
carreer	career
cartiliginous	cartilaginous
cartinine	carnitine
caspid	capsid
catabolyzed	catabolized
catachism	catechism
catadioptic	catadioptric
catagory	category
catastrophy	catastrophe
categorie	category
cathapsin	cathepsin
cathecholamine	catecholamine
catylist	catalyst
causitive	causative
caviarial	calvarial
cefataxime	cefotaxime
cefazidime	ceftazidime
ceftriaxome	ceftriaxone
cellulous	cellulose
cementery	cemetery
cemetary	cemetery
centeral	central
centerally	centrally
centeric	centric
centrifical	centrifugal
centripedal	centripetal
cephalagia	cephalalgia
cephelixin	cephalexin
cerebellae	cerebella
cerrelation	correlation
certroidal	centroidal
cetriaxone	ceftriaxone
chagrinned	chagrined
chagrinning	chagrining
challange	challenge
changable	changeable
charecter	character
chargrin	chagrin
chedder	cheddar
chelipod	cheliped
chello	cello
chemestry	chemistry
chemiluminesence	chemiluminescence
chemotrypsin	chymotrypsin
chiropracteur	chiropractor
chloranphenicol	chloramphenicol
chlorophenical	chloramphenicol
chloropromazine	chlorpromazine
cholestectomy	cholecystectomy
chondrotin	chondroitin
chondyle	condyle
chonotropic	chronotropic
choramphenicol	chloramphenicol
choromatography	chromatography
chorotetracycline	chlortetracycline
chrondrodysplasia	chondrodysplasia
chronotrophic	chronotropic
chryptorchid	cryptorchid
cichild	cichlid
cilastazol	cilostazol
cimitedine	cimetidine
cinamon	cinnamon
cinamons	cinnamons
circadially	circadianly
circumsised	circumcised
circumwent	circumvent
cirofloxacin	ciprofloxacin
cirurgical	chirurgical
citogenetic	cytogenetic
civillian	civilian
clairty	clarity
clarythromicin	clarithromycin
clarythromycin	clarithromycin
clatrimazole	clotrimazole
clavarial	calvarial
clavulamic	clavulanic
clearence	clearance
clinitian	clinician
clinition	clinician
clivable	cleavable
clofibriate	clofibrate
clofozamine	clofazimine
clopidrogrel	clopidogrel
clutamine	glutamine
cocquette	coquette
coelemic	coelomic
coencentric	concentric
coersion	coercion
coexistance	coexistence
cognescenti	cognoscenti
colchizine	colchicine
colleages	colleagues
collegue	colleague
collelation	correlation
colloquys	colloquies
colocolization	colocalization
coloposcopy	colposcopy
comaraderie	camaraderie
comformational	conformational
comfterble	comfortable
comisserate	commiserate
comissural	commissural
comitted	committed
commandante	comandante
commeasurate	commensurate
commisure	commissure
commited	committed
committment	commitment
committy	committee
companys	companies
compareable	comparable
comparision	comparison
comparitive	comparative
compatability	compatibility
compatable	compatible
compatriate	compatriot
comperable	comparable
competetive	competitive
competetively	competitively
compiliation	compilation
complimentarity	complementarity
comprable	comparable
comprehendable	comprehensible
compromize	compromise
compromized	compromised
compulsarily	compulsorily
comrad	comrade
comradship	comradeship
comunication	communication
conceed	concede
concensus	consensus
concial	conical
concience	conscience
concientious	conscientious
concieve	conceive
concious	conscious
concocal	confocal
condenscend	condescend
condensor	condenser
condesending	condescending
condusive	conducive
conferer	conferrer
congomen	cognomen
conjuction	conjunction
conjuctival	conjunctival
conpetition	competition
consciencious	conscientious
conscientous	conscientious
consequtive	consecutive
conserted	concerted
consistant	consistent
consistantly	consistently
consommation	consummation
conspicious	conspicuous
conspirancy	conspiracy
conspiricism	conspiracism
constitue	constitute
continious	continuous
continuosly	continuously
contorsion	contortion
contrapunctal	contrapuntal
contraversial	controversial
contributer	contributor
contributers	contributors
controled	controlled
controler	controller
controling	controlling
conubial	connubial
conveniance	convenience
conveniant	convenient
convertion	conversion
convertions	conversions
convexivity	convexity
convinient	convenient
cookwear	cookware
copellation	cupellation
copesettic	copacetic
correlary	corollary
correspondance	correspondence
corrolate	correlate
corupt	corrupt
costicosteroid	corticosteroid
couldnt	couldn't
couldve	could've
counterfit	counterfeit
countrys	countries
cource	course
cowtow	kowtow
craddle	cradle
craniopharyngeoma	craniopharyngioma
creater	creator
credibley	credibly
creedence	credence
critisizm	criticism
croop	croup
crucifictions	crucifixions
cryptochidism	cryptorchidism
cryptochoridism	cryptorchidism
crystalizability	crystallizability
crystalizable	crystallizable
cumberbunds	cummerbunds
curcubit	cucurbit
curiousity	curiosity
curtious	courteous
curundum	corundum
cutable	cuttable
cyclopenolate	cyclopentolate
cyclophsophamide	cyclophosphamide
cycloplasmic	cytoplasmic
cyctic	cystic
cystidine	cytidine
cystolic	systolic
cytocine	cytosine
cytoxic	cytotoxic
daguerrotype	daguerreotype
dancable	danceable
daquiri	daiquiri
daugther	daughter
dayly	daily
deafferenation	deafferentation
debreed	debride
debute	debut
decarbazine	dacarbazine
decieve	deceive
decimvir	decemvir
decimvirate	decemvirate
declaire	declare
declareing	declaring
decologies	decalogies
decology	decalogy
decorrellation	decorrelation
decourous	decorous
deducive	deductive
defasiculation	defasciculation
deferoxime	deferoxamine
deferoximine	deferoxamine
deferrioxamine	deferoxamine
deferroxamine	deferoxamine
deffered	deferred
definate	definite
defination	definition
definatly	definitely
definetly	definitely
definitly	definitely
deforoxamine	deferoxamine
defroxamine	deferoxamine
defuroxamine	deferoxamine
defuzzyfication	defuzzification
degeration	degeneration
dehydratation	dehydration
delapidated	dilapidated
delinquincy	delinquency
demogogue	demagogue
demonitized	demonetized
demulcant	demulcent
demylinating	demyelinating
denasumab	denosumab
dendogram	dendrogram
denegrate	denigrate
dentritic	dendritic
deoderant	deodorant
deoxylate	deoxycholate
depaurate	depauperate
depolymerizating	depolymerizing
dereferencable	dereferenceable
derilict	derelict
derivitization	derivatization
descalcified	decalcified
descendents	descendants
desciption	description
descriminate	discriminate
descrimination	discrimination
desease	disease
desighn	design
desoxiuridine	deoxyuridine
despecable	despicable
despiccable	despicable
dessicant	desiccant
dessicate	desiccate
dessicated	desiccated
dessication	desiccation
destory	destroy
desychronization	desynchronization
deteriate	deteriorate
deteriation	deterioration
determinancy	determinacy
deterr	deter
detremental	detrimental
detritovore	detritivore
developped	developed
developper	developer
developping	developing
dexamethosome	dexamethasone
dexamethosone	dexamethasone
diachisis	diaschisis
diacronic	diachronic
diagetic	diegetic
diagnoze	diagnose
dialate	dilate
dialation	dilation
dialectual	dialectal
diaminase	deaminase
diamutase	dismutase
diapharmatic	diaphragmatic
diaphonous	diaphanous
diarea	diarrhea
dias	dais
dichoric	dichroic
dictat	diktat
dictionnary	dictionary
dideoxycitidine	dideoxycytidine
didnt	didn't
dieing	dying
dietetitian	dietetician
differentation	differentiation
differentialy	differentially
differentley	differently
diffrence	difference
diffrent	different
difrent	different
diginity	dignity
digitgrade	digitigrade
dilemna	dilemma
dilletante	dilettante
dilligent	diligent
dimensia	dementia
dimented	demented
dimentia	dementia
dimention	dimension
dimentional	dimensional
dimentionality	dimensionality
diminuitive	diminutive
dioeceous	dioecious
dipoplia	diplopia
diptheria	diphtheria
dipthong	diphthong
dirth	dearth
disapointed	disappointed
disasterous	disastrous
disasterously	disastrously
disatisfied	dissatisfied
disautonomia	dysautonomia
discordent	discordant
discreminate	discriminate
discremination	discrimination
discrepency	discrepancy
discusting	disgusting
disect	dissect
disection	dissection
disections	dissections
diseminate	disseminate
diserve	deserve
disfunctional	dysfunctional
disgenic	dysgenic
disingenious	disingenuous
disingenous	disingenuous
disintered	disinterred
disintering	disinterring
dispensibility	dispensability
dispeptic	dyspeptic
dispersement	disbursement
dispicable	despicable
displacable	displaceable
disposible	disposable
dispursement	disbursement
dissapointed	disappointed
dissapointing	disappointing
dissapointment	disappointment
dissarray	disarray
dissassembly	disassembly
disspelled	dispelled
disspelling	dispelling
disspells	dispels
distopia	dystopia
dittle	diddle
diverticulae	diverticula
divisable	divisible
divorcable	divorceable
dixnary	dictionary
doesnt	doesn't
dolicocephalic	dolichocephalic
donezepil	donepezil
dont	don't
doormice	dormice
doormouse	dormouse
doppleganger	doppelganger
dout	doubt
doxorubin	doxorubicin
doxyrubicin	doxorubicin
dragable	draggable
dromadery	dromedary
dropable	droppable
dublicate	duplicate
dubloon	doubloon
dulexetine	duloxetine
duloxentine	duloxetine
dumbell	dumbbell
dumbkopf	dummkopf
dyalisis	dialysis
dyserithropoiesis	dyserythropoiesis
dyserythropoeisis	dyserythropoiesis
dysynchronisation	desynchronisation
dytrophin	dystrophin
eccenteric	eccentric
eclesiastical	ecclesiastical
ecologue	eclogue
edable	edible
edafology	edaphology
editted	edited
editting	editing
effectiveley	effectively
effectivley	effectively
efflorescense	efflorescence
egodic	ergodic
egrecious	egregious
eightteen	eighteen
eightteenth	eighteenth
eightth	eighth
electricute	electrocute
electromygraphic	electromyographic
electropation	electroporation
electrophoriesis	electrophoresis
eletrophoresis	electrophoresis
elipticity	ellipticity
elison	elision
elliptoid	ellipsoid
ellucidate	elucidate
embarass	embarrass
embarassed	embarrassed
embarassing	embarrassing
embarassment	embarrassment
embarrased	embarrassed
embarrasing	embarrassing
emisary	emissary
emmisivity	emissivity
emnity	enmity
emperialism	imperialism
emperical	empirical
emplore	implore
emterprise	enterprise
emtracitabine	emtricitabine
enantate	enanthate
enatiomeric	enantiomeric
encephelopathy	encephalopathy
encephlomyocarditis	encephalomyocarditis
enciclopedia	encyclopedia
encise	incise
endochrinal	endocrinal
endometrosis	endometriosis
endorreic	endorheic
enevitable	inevitable
enforcable	enforceable
enfurvirtide	enfuvirtide
enfurvitide	enfuvirtide
engineerer	engineer
enginer	engineer
enscribe	inscribe
enshitification	enshittification
enshure	ensure
enterance	entrance
entery	entry
entomolophilous	entomophilous
entrable	enterable
entrepeneur	entrepreneur
entrepeneurship	entrepreneurship
entricitabine	emtricitabine
envoke	invoke
envolvement	involvement
eosiniphilic	eosinophilic
epicaridium	epicardium
epicine	epicene
epicondyl	epicondyle
epidemology	epidemiology
epididymus	epididymis
epinthesis	epenthesis
epinthetic	epenthetic
epipophyseal	epiphyseal
epithelical	epithelial
epitomy	epitome
epizoonotic	epizootic
epobolic	epibolic
equilater	equilateral
equilisation	equalization
equinoxe	equinox
equiptment	equipment
equitorial	equatorial
eremetic	eremitic
erithroid	erythroid
erradicate	eradicate
errorneous	erroneous
erythemateous	erythematous
erythematosis	erythematosus
erythropoetin	erythropoietin
erythropoitin	erythropoietin
erythroprotein	erythropoietin
espeically	especially
espesially	especially
estearase	esterase
esteogenesis	osteogenesis
estoppal	estoppel
eternacept	etanercept
ethiological	etiological
etimology	etymology
euedrally	euhedrally
eukariotic	eukaryotic
eularian	eulerian
euthenasia	euthanasia
euthropic	eutrophic
evangalistic	evangelistic
evry	every
evryone	everyone
exagerate	exaggerate
exageration	exaggeration
exaggregate	exaggerate
exanguination	exsanguination
excarpment	escarpment
excell	excel
excenatide	exenatide
excerbation	exacerbation
excercise	exercise
exchangability	exchangeability
exchangable	exchangeable
excist	exist
excitory	excitatory
excrutiate	excruciate
exemestene	exemestane
exersize	exercise
exhonorate	exonerate
exhorbitant	exorbitant
eximer	excimer
existance	existence
existant	existent
exitonic	excitonic
exogeneously	exogenously
exorbiant	exorbitant
expediant	expedient
experiencable	experienceable
expidite	expedite
expidited	expedited
explaination	explanation
expotentiate	exponentiate
exspecially	especially
exsudates	exudates
extacy	ecstasy
extatic	ecstatic
extention	extension
extentional	extensional
extodomain	ectodomain
extradict	extradite
extradiol	estradiol
extrapalate	extrapolate
extrapate	extirpate
extraterrestial	extraterrestrial
extravagence	extravagance
extravagent	extravagant
extravasion	extravasation
extravastion	extravasation
extravation	extravasation
extravazation	extravasation
extremly	extremely
extripate	extirpate
extrodinary	extraordinary
extropia	exotropia
extrordinary	extraordinary
ezetemide	ezetimibe
fabrinogen	fibrinogen
facilitory	facilitatory
facioliasis	fascioliasis
faciotomy	fasciotomy
facism	fascism
facist	fascist
fagosite	phagocyte
familar	familiar
famlies	families
famly	family
faschism	fascism
faschist	fascist
fasciliated	facilitated
fascilitate	facilitate
fasicle	fascicle
feasability	feasibility
feasable	feasible
feind	fiend
femenine	feminine
femural	femoral
fenolopam	fenoldopam
ferbile	febrile
fettucine	fettuccine
fiberous	fibrous
fibriliary	fibrillary
fibrilisation	fibrillization
fiesty	feisty
filabuster	filibuster
filariosis	filariasis
filiariasis	filariasis
filiarisis	filariasis
filiment	filament
filology	philology
filterates	filtrates
finaly	finally
financable	financeable
finantial	financial
finnally	finally
finsteride	finasteride
fishs	fishes
fitoestrogen	phytoestrogen
fivety	fifty
flexability	flexibility
flexable	flexible
floccunodular	flocculonodular
floculonodular	flocculonodular
floging	flogging
floppie	floppy
floride	fluoride
florides	fluorides
flourescence	fluorescence
flourescent	fluorescent
flourine	fluorine
fluoresence	fluorescence
flurouracil	fluorouracil
fluxuate	fluctuate
fluxuated	fluctuated
fluxuates	fluctuates
fluxuating	fluctuating
fluxuation	fluctuation
fluxuations	fluctuations
foccacia	focaccia
foosa	fossa
forcast	forecast
forebearance	forbearance
foresaken	forsaken
foreward	forward
forgetable	forgettable
forgiveable	forgivable
fotograph	photograph
fourties	forties
fourtieth	fortieth
fourty	forty
freaken	freaking
freind	friend
frivilous	frivolous
frosemide	furosemide
frought	fraught
frustose	fructose
fuconazole	fluconazole
fudarabine	fludarabine
fullfil	fulfill
fullfill	fulfill
fumferred	fumfered
fumferring	fumfering
fungisone	fungizone
funtionality	functionality
furosamide	furosemide
fuschia	fuchsia
fuschias	fuchsias
fustrated	frustrated
futhermore	furthermore
futton	futon
galactosyltranferase	galactosyltransferase
gallore	galore
galvinize	galvanize
galvonic	galvanic
ganathostome	gnathostome
ganthostome	gnathostome
garmet	garment
garned	garnered
gastroctomy	gastrectomy
gastroesopheal	gastroesophageal
gastrointestinaly	gastrointestinally
gastulation	gastrulation
gatifoxacin	gatifloxacin
gaurantee	guarantee
gemonic	genomic
gencitabine	gemcitabine
geneology	genealogy
generaliseable	generalisable
generalizablity	generalizability
genious	genius
genohyoid	geniohyoid
gensing	ginseng
gentic	genetic
genticulate	geniculate
gentimicin	gentamicin
geotrophic	geotropic
gibblets	giblets
gimmie	gimme
ginerol	gingerol
gitarrist	guitarist
gizard	gizzard
glaucocorticoid	glucocorticoid
gleem	gleam
glococorticoid	glucocorticoid
glodes	globes
glomerulum	glomerulus
glomular	glomerular
gluthatione	glutathione
glutony	gluttony
glycocorticoid	glucocorticoid
glycosilation	glycosylation
glycosis	glycolysis
glycoslated	glycosylated
glytamic	glutamic
gnasthostome	gnathostome
gnatostome	gnathostome
gnurled	knurled
godamm	goddamn
gogol	googol
googleplex	googolplex
googley	googly
goverment	government
govorn	govern
gracialisation	gracilization
grafitti	graffiti
gramatically	grammatically
gramenivorous	graminivorous
granpa	grampa
gratuitious	gratuitous
greatful	grateful
greatfull	grateful
greatley	greatly
griseofluvin	griseofulvin
guage	gauge
guestament	guesstimate
gullability	gullibility
gulves	gulfs
gutteral	guttural
gynacomastia	gynecomastia
habability	habitability
habadashery	haberdashery
habituable	habitable
hadnt	hadn't
haematophagus	haematophagous
haematopoesis	hematopoiesis
haemiparesis	hemiparesis
haemiplegia	hemiplegia
haemopoesis	haemopoiesis
halfed	halved
halfing	halving
halotype	haplotype
halycon	halcyon
hamatoxylin	hematoxylin
hampster	hamster
hapetectomy	hepatectomy
happend	happened
hardwear	hardware
harrang	harangue
harrassment	harassment
harth	hearth
hasnt	hasn't
havent	haven't
hazlenut	hazelnut
heamorrhage	haemorrhage
hebrephrenic	hebephrenic
heiroglyph	hieroglyph
heirophant	hierophant
heirophants	hierophants
helicoptor	helicopter
helminthes	helminths
hemacytomer	hemocytometer
hemaglobin	hemoglobin
hemaroxylin	hematoxylin
hematoxic	hemotoxic
hematoxilin	hematoxylin
hemiparesia	hemiparesis
hemochomatosis	hemochromatosis
hemocytomer	hemocytometer
hemorraghic	hemorrhagic
hemoxylin	hematoxylin
hemroid	hemorrhoid
heparanization	heparinization
heparine	heparin
hepatititis	hepatitis
herbivourous	herbivorous
heresay	hearsay
hermafrodite	hermaphrodite
herniorraphy	herniorrhaphy
hetereogeneity	heterogeneity
heteritic	heterotic
heteroporous	heterosporous
heteroscadacity	heteroscedasticity
heteroscedacity	heteroscedasticity
heteroschedasticity	heteroscedasticity
heterosigosity	heterozygosity
heterozigosity	heterozygosity
heterozygocity	heterozygosity
heterozygousity	heterozygosity
hexagenerian	hexagenarian
hexamethyltetramine	hexamethylenetetramine
highlite	highlight
highlited	highlighted
highliter	highlighter
highlites	highlights
highliting	highlighting
hight	height
hightlight	highlight
hilight	highlight
hilighted	highlighted
hilighting	highlighting
hilights	highlights
hipocrisy	hypocrisy
hippopotomonstrosesquippedaliophobia	hippopotomonstrosesquipedaliophobia
hirsuitism	hirsutism
histadine	histidine
historectomy	hysterectomy
hlep	help
holocost	holocaust
holophasic	holophrastic
homee	homey
homeodimeric	homodimeric
homescedasticity	homoscedasticity
homiopathic	homeopathic
homocytometer	hemocytometer
homoligation	homologation
homonculus	homunculus
homoschedasticity	homoscedasticity
homostasis	homeostasis
homozigosity	homozygosity
homozigous	homozygous
homozygeous	homozygous
homozygocity	homozygosity
homozygozity	homozygosity
honerable	honorable
honestley	honestly
hoomie	homie
horribley	horribly
huristic	heuristic
hydrochloroquine	hydroxychloroquine
hydroclorotiazide	hydrochlorothiazide
hydrodynamicaly	hydrodynamically
hydrolic	hydraulic
hydrolize	hydrolyze
hydroscopic	hygroscopic
hydroscopicity	hygroscopicity
hydroxymate	hydroxamate
hygenic	hygienic
hygenist	hygienist
hynagogic	hypnagogic
hyosciamine	hyoscyamine
hyperandrogen	hyperandrogenism
hypercholosterolemia	hypercholesterolemia
hypercolesterolemia	hypercholesterolemia
hyperhydrosis	hyperhidrosis
hyperlagesia	hyperalgesia
hyperthalamic	hypothalamic
hypertropic	hypertrophic
hypocampal	hippocampal
hypochloride	hypochlorite
hypochorism	hypocorism
hypocracy	hypocrisy
hypocrate	hypocrite
hypocricy	hypocrisy
hypocrism	hypocorism
hyponathemia	hyponatremia
hypophasia	hypoplasia
hypothosis	hypothesis
hystidyl	histidyl
hystologically	histologically
hystorical	historical
icycle	icicle
idaes	ideas
idealogies	ideologies
identicial	identical
identicle	identical
ideolect	idiolect
ideolectic	idiolectic
idiology	ideology
idiosyncracity	idiosyncraticity
idocaine	lidocaine
idolatory	idolatry
idyosincratic	idiosyncratic
ignominous	ignominious
iland	island
ileopsoas	iliopsoas
illeagle	illegal
illistrate	illustrate
imagineable	imaginable
imbred	inbred
imbreeding	inbreeding
imfeasible	infeasible
imfeasibly	infeasibly
imidizole	imidazole
iminent	imminent
immarcessible	immarcescible
immeadiately	immediately
immidazole	imidazole
immitation	imitation
immunoflourescent	immunofluorescent
immunoperoxydase	immunoperoxidase
immunosuppresant	immunosuppressant
immunosuppresion	immunosuppression
immunosuppresive	immunosuppressive
immunosupressant	immunosuppressant
immunosupression	immunosuppression
immunosupressive	immunosuppressive
imparasyllabic	imparisyllabic
impedence	impedance
imperical	empirical
imperically	empirically
inate	innate
incestous	incestuous
incestously	incestuously
inchoactive	inchoative
incidious	insidious
inclimate	inclement
incompatability	incompatibility
incompatable	incompatible
incompitant	incompetent
incontravertable	incontrovertible
incorruptable	incorruptible
increadable	incredible
incredable	incredible
incrediable	incredible
incredibley	incredibly
indelable	indelible
independance	independence
independant	independent
independantly	independently
indestructable	indestructible
indiscriminantly	indiscriminately
indispensible	indispensable
inditements	indictments
inestation	infestation
infantalize	infantilize
inferrence	inference
infinate	infinite
inflamatory	inflammatory
inflammed	inflamed
inflateable	inflatable
influencable	influenceable
influencible	influenceable
influorescence	inflorescence
infommercial	infomercial
infultrate	infiltrate
ingenius	ingenious
inheritence	inheritance
injest	ingest
innoculative	inoculative
innundated	inundated
inseperable	inseparable
insiduous	insidious
insistance	insistence
insistances	insistences
insistant	insistent
instaled	installed
instaling	installing
instanciated	instantiated
instanciating	instantiating
instanciation	instantiation
instrinsic	intrinsic
instrumention	instrumentation
insufficent	insufficient
insufficiantly	insufficiently
insulinotrophic	insulinotropic
intellegent	intelligent
intelligensia	intelligentsia
interacial	interracial
interacter	interactor
intercardiac	intracardiac
interchangable	interchangeable
interchangably	interchangeably
intergration	integration
intermitten	intermittent
interoccular	interocular
interogative	interrogative
interoparous	iteroparous
interospective	introspective
interperitoneal	intraperitoneal
interperitoneally	intraperitoneally
interpretated	interpreted
interprete	interpret
interresting	interesting
interroseous	interosseous
interupted	interrupted
interuterine	intrauterine
intirely	entirely
intollerable	intolerable
intracellulary	intracellularly
intraconazole	itraconazole
intracranical	intracranial
intractible	intractable
intraoccular	intraocular
intraperitonealy	intraperitoneally
intraperitonially	intraperitoneally
intrasanally	intranasally
intraveneous	intravenous
intraventricularlly	intraventricularly
intrested	interested
invertibrate	invertebrate
invester	investor
invincable	invincible
iowaska	ayahuasca
irratable	irritable
irrelevency	irrelevancy
irrepearable	irreparable
irreplacable	irreplaceable
irreplacebility	irreplaceability
irreversability	irreversibility
irrhythmia	arrhythmia
irridescent	iridescent
irridiating	irradiating
irrisistible	irresistible
isnt	isn't
isoflourane	isoflurane
isoflurance	isoflurane
isogesis	eisegesis
isolurane	isoflurane
isotopical	isotopic
isotrophic	isotropic
ispilateral	ipsilateral
issueing	issuing
itll	it'll
itroconazole	itraconazole
ive	i've
jackarse	jackass
jacknife	jackknife
jelk	jelq
jelous	jealous
jepoardy	jeopardy
jetable	jettable
jewlery	jewelry
jidderbug	jitterbug
jubilence	jubilance
jubilent	jubilant
jubilently	jubilantly
juxtoposition	juxtaposition
kallekrein	kallikrein
kannibalism	cannibalism
karotype	karyotype
keat	keet
kening	kenning
keratokonus	keratoconus
kestral	kestrel
keytone	ketone
kianse	kinase
kindegardner	kindergartner
kindergardener	kindergartner
kindergardner	kindergartner
kinesthesic	kinesthetic
kinogen	kininogen
kintergarden	kindergarten
knowledgably	knowledgeably
komquat	kumquat
labell	label
lable	label
labotomy	lobotomy
labouratory	laboratory
labouriousness	laboriousness
labryinth	labyrinth
lamifudine	lamivudine
lamuvidine	lamivudine
langauge	language
langour	languor
lantanoid	lanthanoid
lanthibiotic	lantibiotic
laparatomy	laparotomy
laprine	leporine
laryngeoscope	laryngoscope
lassoo	lasso
lavamisol	levamisole
lavastatin	lovastatin
laxadaisical	lackadaisical
laxtose	lactose
leasure	leisure
ledgerdemain	legerdemain
leftenant	lieutenant
legitimity	legitimacy
lenght	length
lenseless	lensless
leucotriene	leukotriene
leukotrine	leukotriene
leviteracetam	levetiracetam
levonogestrel	levonorgestrel
lexigraphical	lexicographical
lexofloxacin	levofloxacin
liase	liaise
liason	liaison
libary	library
licenceable	licensable
lieing	lying
litrally	literally
litreally	literally
litteraly	literally
litterly	literally
liturally	literally
livelyhood	livelihood
lixivation	lixiviation
loadstar	lodestar
loathesome	loathsome
locomoter	locomotor
logarithmicly	logarithmically
longevious	longevous
longintudinally	longitudinally
longtitudinal	longitudinal
loperimide	loperamide
loquatious	loquacious
loquatiousness	loquaciousness
loratidine	loratadine
lucerative	lucrative
luminousity	luminosity
lusterous	lustrous
luxurient	luxuriant
lymphacytic	lymphocytic
lymphohematopoeitic	lymphohematopoietic
lymphohemopoietic	lymphohematopoietic
lyophylized	lyophilized
lyothyronine	liothyronine
mabey	maybe
mabye	maybe
macroptyrous	macropterous
mageirocophobia	mageiricophobia
magnificant	magnificent
magnificient	magnificent
maintainence	maintenance
maintenence	maintenance
makeing	making
malodourous	malodorous
malolactate	malolactic
managable	manageable
maneouvre	manoeuvre
maneuvreability	manoeuvrability
manoeuverability	manoeuvrability
manouver	maneuver
manouvre	manoeuvre
mapability	mappability
marijauna	marijuana
marketting	marketing
marmelade	marmalade
marscapone	mascarpone
marshmellow	marshmallow
masectomy	mastectomy
masonary	masonry
massacker	massacre
masterbate	masturbate
masterbated	masturbated
masterbates	masturbates
masterbating	masturbating
masterbation	masturbation
meaness	meanness
measels	measles
measily	measly
meastatic	metastatic
measureable	measurable
meclobemide	moclobemide
medecine	medicine
medicle	medical
medieveal	medieval
megalovirus	cytomegalovirus
megibyte	mebibyte
mellifulous	mellifluous
mellismatic	melismatic
mellitin	melittin
melphalin	melphalan
membrain	membrane
menedione	menadione
meningial	meningeal
menoquinone	menaquinone
menstration	menstruation
mepivicaine	mepivacaine
mercurichrome	mercurochrome
meristate	myristate
mesenchimal	mesenchymal
mesenphalic	mesencephalic
mesentry	mesentery
mesmorise	mesmerise
messageing	messaging
metacarpophangeal	metacarpophalangeal
metacholine	methacholine
metacrylate	methacrylate
metaglinides	meglitinides
metamphetamine	methamphetamine
metaphore	metaphor
metastastic	metastatic
metastisize	metastasize
meterical	metrical
meterologist	meteorologist
methanotropic	methanotrophic
methoxyfluorane	methoxyflurane
methrotrexate	methotrexate
metonomy	metonymy
metothrexate	methotrexate
metroprolol	metoprolol
miasis	myiasis
mibibyte	mebibyte
midevil	medieval
mililiter	milliliter
milimeter	millimeter
millennarian	millenarian
millepedes	millipedes
millionare	millionaire
miniscules	minuscules
minocydine	minocycline
minusculy	minusculely
misandryist	misandrist
miscellanious	miscellaneous
miserabley	miserably
mispell	misspell
mispelling	misspelling
mispelt	misspelt
mispronounciation	mispronunciation
misrable	miserable
misserable	miserable
missfolding	misfolding
missle	missile
misspellt	misspelt
mitazapine	mirtazapine
mithocondrial	mitochondrial
mitochondrium	mitochondrion
mitochrondrial	mitochondrial
mitotis	mitosis
mitrazepine	mirtazapine
mneumonic	mnemonic
molusc	mollusc
momento	memento
monicle	monocle
monitarily	monetarily
monitary	monetary
moniter	monitor
monocolonal	monoclonal
monolimnion	monimolimnion
monopthong	monophthong
monsterous	monstrous
monsterously	monstrously
mordern	modern
morover	moreover
mortage	mortgage
motorcicle	motorcycle
mouseline	mousseline
mouthfull	mouthful
mozaicism	mosaicism
mssg	msg
muckracking	muckraking
mucousal	mucosal
mullato	mulatto
multicelluar	multicellular
multitide	multitude
mutiliate	mutilate
mycofenolate	mycophenolate
myelopoeisis	myelopoiesis
myletis	myelitis
myrecetin	myricetin
mysiotomy	myotomy
mysogenist	misogynist
mysogynism	misogynism
mysogynist	misogynist
nacent	nascent
nadrolone	nandrolone
nafka	nakfa
nanogenarian	nonagenarian
napthalene	naphthalene
nasocomial	nosocomial
natinoal	national
naturetic	natriuretic
navagable	navigable
naxalone	naloxone
neccessary	necessary
necessarry	necessary
necroticized	necrotized
nefazadone	nefazodone
nefrectomy	nephrectomy
nefrotoxicity	nephrotoxicity
negatative	negative
neice	niece
neighboorhood	neighbourhood
nematoad	nematode
nemisis	nemesis
neonatalogy	neonatology
neoplasic	neoplastic
nephrilysin	neprilysin
neprylisin	neprilysin
neurocystocerciosis	neurocysticercosis
neurosyphillis	neurosyphilis
neurotransmiter	neurotransmitter
neurotransmiters	neurotransmitters
nicotene	nicotine
nidiculous	nidicolous
nifedepine	nifedipine
nifidepine	nifedipine
niftyness	niftiness
nilutamine	nilutamide
nineth	ninth
ninethly	ninthly
ninjitsu	ninjutsu
ninteenth	nineteenth
ninty	ninety
nitrocellulase	nitrocellulose
niverapine	nevirapine
noncapacitated	incapacitated
noncomittally	noncommittally
nonesense	nonsense
nonexistant	nonexistent
norephinephrine	norepinephrine
normogram	nomogram
notablely	notably
noteable	notable
noticable	noticeable
novovirus	norovirus
nowdays	nowadays
nucleii	nuclei
nucleocide	nucleoside
nuissance	nuisance
nuptual	nuptial
nuptuality	nuptiality
nuptuals	nuptials
nurshing	nursing
nutricious	nutritious
nyctemeral	nychthemeral
obloquoy	obloquy
obselete	obsolete
obstractive	obstructive
occasionly	occasionally
occassionally	occasionally
occation	occasion
occerence	occurrence
occular	ocular
occulomotor	oculomotor
occurance	occurrence
occurances	occurrences
occured	occurred
occurence	occurrence
occurrance	occurrence
octagenarian	octogenarian
octapus	octopus
octonian	octonion
odema	oedema
odourous	odorous
odourously	odorously
odourousness	odorousness
oenaphile	oenophile
offical	official
offically	officially
olecronon	olecranon
oligometric	oligomeric
omissable	omissible
omlet	omelette
omlette	omelette
ommission	omission
ommited	omitted
omnicron	omicron
omniscent	omniscient
omnivourous	omnivorous
omricon	omicron
ondulate	undulate
ondulatory	undulatory
onomatapoeia	onomatopoeia
openess	openness
openning	opening
ophistokont	opisthokont
ophthalmascopic	ophthalmoscopic
ophthamology	ophthalmology
opiod	opioid
opistokont	opisthokont
oppertunity	opportunity
opposum	opossum
oppurtunity	opportunity
opration	operation
opthalmic	ophthalmic
opthalmologist	ophthalmologist
opthalmology	ophthalmology
opthalmoscope	ophthalmoscope
opthamology	ophthalmology
optomologist	ophthalmologist
orbituary	obituary
orthopyroxine	orthopyroxene
orthropteroid	orthopteroid
oscillatary	oscillatory
oseogenesis	osteogenesis
oseophageal	oesophageal
osetogenesis	osteogenesis
osmlolality	osmolality
osseus	osseous
ostentacious	ostentatious
ostentious	ostentatious
osteoprotegrin	osteoprotegerin
osteoprotogerin	osteoprotegerin
osterogenic	osteogenic
ostrasize	ostracize
ostricization	ostracization
ostricize	ostracize
ostrisize	ostracize
otherweise	otherwise
otherwize	otherwise
ouvre	oeuvre
overated	overrated
overeliance	overreliance
overextention	overextension
overriden	overridden
overweaning	overweening
oxicarbazepine	oxcarbazepine
oxymetric	oximetric
paciltaxel	paclitaxel
paediatic	paediatric
pageing	paging
pagenate	paginate
palaeotological	palaeontological
palinological	palynological
pallette	palette
panchan	banchan
pancreactectomy	pancreatectomy
pancreatechtomy	pancreatectomy
pandamic	pandemic
paperazzi	paparazzi
papilomavirus	papillomavirus
paraciticide	parasiticide
paraletic	paralytic
parallepipedal	parallelepipedal
paraloguous	paralogous
paramaterisation	parameterisation
parametre	parameter
paramomycin	paromomycin
paramonomycin	paromomycin
paranomasia	paronomasia
paranthesis	parenthesis
paraphillia	paraphilia
parasthesia	paresthesia
parasympathic	parasympathetic
parieties	parietes
parliamental	parliamentary
particel	particle
particuly	particularly
pathe	pave
pathenogenesis	parthenogenesis
pathenogenetic	parthenogenetic
pathenogenetically	parthenogenetically
pathologenic	pathogenic
pathonogmonic	pathognomonic
pathonomonic	pathognomonic
patrionymic	patronymic
patroler	patroller
peacable	peaceable
peacably	peaceably
peadophile	paedophile
peebrain	peabrain
peice	piece
peices	pieces
peiotropic	pleiotropic
pellettable	pelletable
pelletted	pelleted
penacilin	penicillin
penduculated	pedunculated
penduncle	peduncle
penicilamine	penicillamine
pentabarbitol	pentobarbital
pentamdine	pentamidine
pentobarbitol	pentobarbital
percieve	perceive
percieved	perceived
percieves	perceives
percieving	perceiving
perculate	percolate
perenchyma	parenchyma
perfectable	perfectible
perfectural	prefectural
pericariditis	pericarditis
peridontal	periodontal
perimethamine	pyrimethamine
periondontal	periodontal
periostal	periosteal
periostial	periosteal
periostially	periosteally
perioxidation	peroxidation
perioxide	peroxide
perisilvian	perisylvian
perisoteal	periosteal
perjorative	pejorative
permissable	permissible
permition	permission
permitions	permissions
permitivity	permittivity
perogative	prerogative
perscription	prescription
perserverance	perseverance
perseverence	perseverance
persistance	persistence
persistant	persistent
perspecuity	perspicuity
pertinant	pertinent
pertubation	perturbation
perusual	perusal
petecchial	petechial
peticure	pedicure
petide	peptide
petridophyte	pteridophyte
phaerochromocytoma	pheochromocytoma
phalengeal	phalangeal
phallace	phallus
pharmacolovigilance	pharmacovigilance
pharmacovigilence	pharmacovigilance
pharmatheutical	pharmaceutical
pharmocogeneticists	pharmacogeneticists
pharoah	pharaoh
pharoahs	pharaohs
pheenom	phenom
pheneotype	phenotype
phenochromocytoma	pheochromocytoma
pheochromcytoma	pheochromocytoma
pheochromoctyoma	pheochromocytoma
pheochromytoma	pheochromocytoma
pheonix	phoenix
pheremone	pheromone
pherotype	phenotype
pherotypic	phenotypic
phicoerytrin	phycoerythrin
phisically	physically
phogocytosis	phagocytosis
phonolological	phonological
phosphophorylated	phosphorylated
phosphotase	phosphatase
phosphourous	phosphorous
phycoerythin	phycoerythrin
phygocyte	phagocyte
phylostomid	phyllostomid
phylotaxis	phyllotaxis
physiogenomic	physiognomic
piconavirus	picornavirus
pilocaine	prilocaine
pinapple	pineapple
piperizine	piperazine
piramid	pyramid
pitryasis	pityriasis
pixilate	pixelate
pixillate	pixelate
pizzaria	pizzeria
plackard	placard
placque	plaque
plagarism	plagiarism
plaigarism	plagiarism
plaigiarism	plagiarism
plamid	plasmid
plaminogen	plasminogen
planchete	planchette
planctonic	planktonic
planctonically	planktonically
plankivore	planktivore
plasmologen	plasmalogen
platycurtotic	platykurtic
plausable	plausible
playwrite	playwright
pleamorphism	pleomorphism
pleeb	pleb
pleebs	plebs
pleiotrophic	pleiotropic
pleotrophy	pleiotropy
pleotropic	pleiotropic
pleuripotent	pluripotent
pliars	pliers
plieotropic	pleiotropic
pliotropic	pleiotropic
plugable	pluggable
pocker	poker
poinsetta	poinsettia
poinsettas	poinsettias
pointsettia	poinsettia
pointsettias	poinsettias
poiverade	poivrade
poka	polka
polarizibility	polarizability
polimyelities	poliomyelitis
politicly	politically
polyactide	polylactide
polyamourous	polyamorous
polyamoury	polyamory
polydactily	polydactyly
polygyneous	polygynous
popcycle	popsicle
porinflammatory	proinflammatory
posess	possess
posession	possession
possesion	possession
possibley	possibly
possiblities	possibilities
potator	potato
potatos	potatoes
powerfull	powerful
practicioner	practitioner
preceed	precede
preceeding	preceding
preclivity	proclivity
precutaneous	percutaneous
predeliction	predilection
predjudice	prejudice
predominent	predominant
predominently	predominantly
predormal	prodromal
preeminant	preeminent
prefered	preferred
prefering	preferring
preffer	prefer
preffix	prefix
preformance	performance
preliminarly	preliminarily
prenuptual	prenuptial
preponderence	preponderance
presumabely	presumably
prevalance	prevalence
prevalant	prevalent
prevelance	prevalence
prevelant	prevalent
primastic	prismatic
primature	premature
primoradial	primordial
probabalistic	probabilistic
probabley	probably
procaryotic	prokaryotic
proccessivity	processivity
procede	proceed
prodused	produced
proffesor	professor
proffessor	professor
profitted	profited
profitting	profiting
progestagenic	progestogenic
progie	proggie
prognatheous	prognathous
programatically	programmatically
proinflamatory	proinflammatory
prolifigate	profligate
prologomenon	prolegomenon
prolongued	prolonged
promisory	promissory
pronounciation	pronunciation
proove	prove
propaedeuticly	propaedeutically
prophyrin	porphyrin
propioceptive	proprioceptive
propoganda	propaganda
propogandist	propagandist
propogate	propagate
propogation	propagation
proport	purport
proprioreceptive	proprioceptive
proscuitto	prosciutto
prostetic	prosthetic
proteamine	protamine
protectibility	protectability
proteinacious	proteinaceous
proteinurea	proteinuria
protray	portray
protron	proton
protruberance	protuberance
protusion	protrusion
protypical	prototypical
provacation	provocation
pruritis	pruritus
pseudoscorpian	pseudoscorpion
psuedo	pseudo
psuedonym	pseudonym
psychophant	sycophant
pteriodophyte	pteridophyte
pterygopalatin	pterygopalatine
publickally	publicly
pupative	putative
pupiled	pupilled
purile	puerile
pusilanimous	pusillanimous
pycoerythrin	phycoerythrin
pyhrric	pyrrhic
pylogenetic	phylogenetic
pyramidine	pyrimidine
pyridostigimine	pyridostigmine
pyrolidone	pyrrolidone
pyrolisis	pyrolysis
pyroxidine	pyridoxine
quadrageminal	quadrigeminal
quadragenerian	quadragenarian
quandrary	quandary
quandry	quandary
quarternary	quaternary
quickley	quickly
quiesence	quiescence
quinghaosu	qinghaosu
quinquenium	quinquennium
quodilibet	quodlibet
quoteable	quotable
rabdomyolysis	rhabdomyolysis
rafampacin	rifampicin
ramnification	ramification
randomally	randomly
rapamycine	rapamycin
rapproachment	rapprochement
raquet	racquet
raquetball	racquetball
rarley	rarely
rasberry	raspberry
rathymia	rhathymia
readibility	readability
reagant	reagent
realatable	relatable
realley	really
realy	really
reasearch	research
reatard	retard
rebavirin	ribavirin
rebble	rebel
recal	recall
reccomend	recommend
reccommend	recommend
receed	recede
recicle	recycle
recieve	receive
recind	rescind
reciprical	reciprocal
reclineable	reclinable
reconaissance	reconnaissance
reconnaisance	reconnaissance
reconoiter	reconnoiter
recuronium	rocuronium
reducatase	reductase
redundent	redundant
referal	referral
refered	referred
refering	referring
refrence	reference
refrenced	referenced
refridgerate	refrigerate
refridgerator	refrigerator
regester	register
reggeaton	reggaeton
rehydratation	rehydration
reinopathy	retinopathy
reintering	reinterring
reinvester	reinvestor
reisistance	resistance
rejuvinate	rejuvenate
reknowned	renowned
relavant	relevant
relavence	relevance
relevent	relevant
relize	realize
reloxifene	raloxifene
remantadine	rimantadine
remarkabley	remarkably
remenance	remanence
remifentanyl	remifentanil
reminescent	reminiscent
rendevous	rendezvous
rentinoblastoma	retinoblastoma
reoccured	reoccurred
reoccuring	reoccurring
repeatation	repetition
repecharge	repechage
repercharge	repechage
reperesentative	representative
repetetive	repetitive
repetoire	repertoire
repitition	repetition
replacable	replaceable
repoire	rapport
representivity	representativity
reproducable	reproducible
repuditation	repudiation
resemblence	resemblance
reservatrol	resveratrol
resessive	recessive
resevoir	reservoir
residronate	risedronate
resiglitazone	rosiglitazone
resilable	resealable
resiliant	resilient
resistent	resistant
resonable	reasonable
responsability	responsibility
responsable	responsible
resturant	restaurant
resveretrol	resveratrol
retarted	retarded
reticullin	reticulin
retrogradally	retrogradely
retroperirenal	retroperitoneal
retulated	reticulated
revastigmine	rivastigmine
reverantly	reverently
reversatrol	resveratrol
rezerpine	reserpine
rhetoritician	rhetorician
rhinocerus	rhinoceros
rhombencephon	rhombencephalon
rifapentene	rifapentine
rigion	region
rigourous	rigorous
rijstaffel	rijsttafel
risable	risible
riseable	risible
risendronate	risedronate
risoglitazone	rosiglitazone
rituximub	rituximab
rivabirin	ribavirin
rong	wrong
roomate	roommate
rosey	rosy
rotomer	rotamer
rotovirus	rotavirus
rottweiller	rottweiler
roughtly	roughly
roxythromycin	roxithromycin
runable	runnable
rythm	rhythm
sabhka	sabkha
sacrelige	sacrilege
sacreligious	sacrilegious
saggital	sagittal
saggittally	sagittally
sagitally	sagittally
sagittaly	sagittally
salphingectomy	salpingectomy
saltbrush	saltbush
salutory	salutary
samatostatin	somatostatin
samoleon	simoleon
samonella	salmonella
sandwhich	sandwich
saphic	sapphic
saphire	sapphire
saphism	sapphism
saphist	sapphist
sargeant	sergeant
sayed	said
scard	scared
scarly	sekali
scatalogical	scatological
sceince	science
schistomiasis	schistosomiasis
schistosomasis	schistosomiasis
schitzophrenia	schizophrenia
scintilator	scintillator
screenshoting	screenshotting
sculpter	sculptor
scurid	sciurid
scurillous	scurrilous
seak	seek
seceed	secede
sedentory	sedentary
seemless	seamless
segement	segment
segemented	segmented
segements	segments
segueway	segue
seige	siege
seiges	sieges
seleneous	selenious
semipermiable	semipermeable
semoleon	simoleon
sensioneural	sensorineural
sensivity	sensitivity
sensorship	censorship
separatable	separable
seperate	separate
seperately	separately
seperation	separation
seperator	separator
sepulcheral	sepulchral
sequaela	sequela
sequaelae	sequelae
sequal	sequel
sequala	sequela
sequalae	sequelae
sequella	sequela
serated	serrated
seretonergic	serotonergic
seriousley	seriously
servicable	serviceable
servoflurane	sevoflurane
severence	severance
sevofluorane	sevoflurane
sevoflurance	sevoflurane
sexagenerian	sexagenarian
sextagenarian	sexagenarian
sexyer	sexier
sexyness	sexiness
sheild	shield
shelele	shillelagh
shepard	shepherd
sheperd	shepherd
shephard	shepherd
sherrif	sheriff
shiftyness	shiftiness
shistosome	schistosome
shistosomiasis	schistosomiasis
shouldnt	shouldn't
shouldve	should've
showyness	showiness
sieze	seize
siezed	seized
siezes	seizes
siezing	seizing
siezure	seizure
signifigance	significance
simavastatin	simvastatin
similiar	similar
simplectic	symplectic
simplicies	simplices
simptomatology	symptomatology
sinergistic	synergistic
sinility	senility
sintomatology	symptomatology
siperone	spiperone
sitaglibtin	sitagliptin
skadaddle	skedaddle
skeumorphic	skeuomorphic
skeumorphism	skeuomorphism
skiddish	skittish
skiiing	skiing
skillfull	skillful
slightley	slightly
slowley	slowly
soceity	society
sojorn	sojourn
sojurn	sojourn
solenaceous	solanaceous
somatostain	somatostatin
sombody	somebody
somone	someone
sonogramme	sonogram
sophmore	sophomore
sorbital	sorbitol
sorceror	sorcerer
sorology	serology
souless	soulless
soundbyte	soundbite
soursap	soursop
soyjack	soyjak
sozialism	socialism
sozialist	socialist
spacialization	spatialization
spacialize	spatialize
spacially	spatially
spafloxacin	sparfloxacin
spamvertize	spamvertise
spatcheler	spatula
spazm	spasm
speciest	speciesist
specificly	specifically
specifity	specificity
specteral	spectral
spectrascope	spectroscope
spectronomy	spectroscopy
spermadine	spermidine
sphygmanometer	sphygmomanometer
sphygomanometer	sphygmomanometer
splended	splendid
splendourous	splendorous
splicesomal	spliceosomal
spoak	spoke
spondylolithesis	spondylolisthesis
sponin	saponin
sponser	sponsor
spontanous	spontaneous
spuriousity	spuriosity
spurlge	splurge
squealling	squealing
squeemish	squeamish
squishyness	squishiness
stablize	stabilize
standarization	standardization
standarize	standardize
starigraphic	stratigraphic
staticly	statically
statis	status
statosis	steatosis
stearically	sterically
stedily	steadily
stedy	steady
steroscope	stereoscope
sterotactic	stereotactic
sterotypic	stereotypic
stibugluconate	stibogluconate
stiffle	stifle
stoichimetry	stoichiometry
stoichometry	stoichiometry
stoicly	stoically
stopable	stoppable
straightjacket	straitjacket
straped	strapped
straping	strapping
strategem	stratagem
stratificated	stratified
strech	stretch
strenght	strength
streptamycin	streptomycin
striatial	striatal
stubbourn	stubborn
studder	stutter
studys	studies
stuf	stuff
sublethaly	sublethally
subperiostial	subperiosteal
subungal	subungual
succesful	successful
successfull	successful
succint	succinct
sufix	suffix
sugjestion	suggestion
sulfadiazene	sulfadiazine
sulfametoxazole	sulfamethoxazole
sulfer	sulfur
sulfomethoxazole	sulfamethoxazole
superceed	supersede
superchiasmic	suprachiasmatic
superheros	superheroes
superimposible	superimposable
superintendant	superintendent
superseed	supersede
superseeded	superseded
supertend	superintend
supparative	suppurative
supraquiasmatic	suprachiasmatic
suprise	surprise
suprised	surprised
suprisingly	surprisingly
supurative	suppurative
surburbanite	suburbanite
surveillence	surveillance
susceptability	susceptibility
suscribe	subscribe
sussuration	susurration
sussurations	susurrations
sybilline	sibylline
sygmoid	sigmoid
sylvopasture	silvopasture
symetrical	symmetrical
symmetricized	symmetrized
sympatectomy	sympathectomy
sympatico	simpatico
sympton	symptom
synantropic	synanthropic
synathropic	synanthropic
synchronus	synchronous
syncitial	syncytial
syncitium	syncytium
syncophant	sycophant
syncraticism	syncretism
syncronise	synchronise
syncronised	synchronised
syncronises	synchronises
syncronising	synchronising
syncronize	synchronize
syncronized	synchronized
syncronizes	synchronizes
syncronizing	synchronizing
syncronous	synchronous
syncronus	synchronous
synonimising	synonymizing
synthatase	synthetase
syphillis	syphilis
tabaccos	tobaccos
tablewear	tableware
tachionic	tachyonic
tachistosopic	tachistoscopic
tachystocopic	tachistoscopic
tacrolymus	tacrolimus
taeniosis	taeniasis
tafonomic	taphonomic
tamborine	tambourine
tangeant	tangent
tangientially	tangentially
tarcheal	tracheal
tarrif	tariff
tarriff	tariff
tassle	tassel
tassled	tasseled
tatoo	tattoo
taxanomic	taxonomic
tazer	taser
telangiectesia	telangiectasia
teleangiectasia	telangiectasia
telecephalon	telencephalon
telefone	telephone
telemeric	telomeric
temperomandibular	temporomandibular
temperture	temperature
tempoparietal	temporoparietal
tempory	temporary
temprature	temperature
tenacy	tenancy
tencephalon	telencephalon
tendancies	tendencies
tendancy	tendency
teninucellate	tenuinucellate
tenoposide	teniposide
tenticular	tentacular
tenzosentan	tezosentan
terfanadine	terfenadine
terodactyl	pterodactyl
terophyte	therophyte
terophytic	therophytic
terratoid	teratoid
terribley	terribly
testical	testicle
testies	testes
tetrahedrically	tetrahedrally
theaterical	theatrical
theif	thief
theorum	theorem
therapod	theropod
theraputical	therapeutical
theratoma	teratoma
therfore	therefore
theriantrope	therianthrope
thesises	theses
theyd	they'd
thier	their
thoracicolumber	thoracolumbar
thourogh	thorough
thourough	thorough
threonone	threonine
threshhold	threshold
threshholds	thresholds
thriftyness	thriftiness
throcanteric	trochanteric
throddle	throttle
throddled	throttled
throddling	throttling
thrombocypenia	thrombocytopenia
thromobocytopenia	thrombocytopenia
throphoblast	trophoblast
thropomyosin	tropomyosin
thypoon	typhoon
tightley	tightly
tilda	tilde
tinnitis	tinnitus
titavate	titivate
tocophenol	tocopherol
tommorow	tomorrow
tonsular	tonsillar
topogeography	topography
topomyosin	tropomyosin
toponomist	toponymist
toracentesis	thoracentesis
tormethamine	tromethamine
tornadoe	tornado
tornato	tornado
torsoes	torsos
tortuousity	tortuosity
torward	toward
torwards	towards
totalley	totally
tought	taught
tounge	tongue
toxilogy	toxicology
tracable	traceable
tranfected	transfected
transciever	transceiver
transfectibility	transfectability
transfered	transferred
transferin	transferrin
transfering	transferring
transferritin	transferrin
transformating	transforming
transilumination	transillumination
transiluminator	transilluminator
transsubstantiation	transubstantiation
tranthyretin	transthyretin
trapazoid	trapezoid
trebaculation	trabeculation
trelice	trellis
tremendious	tremendous
triamcilonone	triamcinolone
triathalon	triathlon
tricadecaphobia	triskaidekaphobia
tricotomy	trichotomy
trieing	trying
tripple	triple
tripsinization	trypsinization
trocantheric	trochanteric
trombocythemia	thrombocythemia
trombospondin	thrombospondin
tropomysin	tropomyosin
truley	truly
trygliceride	triglyceride
trypination	trypsination
trypinization	trypsinization
trypsynization	trypsinization
tryptich	triptych
trytophan	tryptophan
tumeric	turmeric
tumultuos	tumultuous
turbocurarine	tubocurarine
turnstyle	turnstile
tweeker	tweaker
twelth	twelfth
twelvth	twelfth
ubiquinate	ubiquitinate
ubiquinated	ubiquitinated
ubiquinating	ubiquitinating
ubiquination	ubiquitination
ubiquitious	ubiquitous
ultilisation	utilisation
umbridge	umbrage
unaccessable	inaccessible
unafordable	unaffordable
unamity	unanimity
unapposed	unopposed
unbeleivable	unbelievable
unbelieveable	unbelievable
unbelivable	unbelievable
unbeliveable	unbelievable
uncomfertable	uncomfortable
unconciousness	unconsciousness
unconfortable	uncomfortable
uncooth	uncouth
uncorruptable	incorruptible
underlayed	underlaid
understandible	understandable
underware	underwear
undetectible	undetectable
undifferenciated	undifferentiated
undirectionally	unidirectionally
uneaseness	uneasiness
unefficient	inefficient
unenforcable	unenforceable
unforgetable	unforgettable
unforseen	unforeseen
unfortunally	unfortunately
unfortunatly	unfortunately
unglamourous	unglamorous
unglamourously	unglamorously
unidentifed	unidentified
unmanagable	unmanageable
unmeasureable	unmeasurable
unneccessary	unnecessary
unobstrusive	unobtrusive
unpresidented	unprecedented
unpronouncable	unpronounceable
unreasonnable	unreasonable
unresonable	unreasonable
unsolveable	unsolvable
unstopable	unstoppable
untracable	untraceable
upcomming	upcoming
upsurp	usurp
ureaus	uraeus
uridiospore	urediospore
uropygical	uropygial
usally	usually
useage	usage
useages	usages
usefullness	usefulness
usless	useless
vaccutainer	vacutainer
vacinity	vicinity
vacularity	vascularity
vacularization	vascularization
vacume	vacuum
valporate	valproate
valudate	validate
valueable	valuable
vanomycin	vancomycin
vapourise	vaporise
varenidine	varenicline
varient	variant
varigation	variegation
variocele	varicocele
varmit	varmint
varyation	variation
vascolarized	vascularized
vasopression	vasopressin
vasulitis	vasculitis
vegatable	vegetable
vegtable	vegetable
vehical	vehicle
vemoronasal	vomeronasal
vencuronium	vecuronium
vengence	vengeance
venlaxafine	venlafaxine
ventrical	ventricle
verbatum	verbatim
vercuronium	vecuronium
verticle	vertical
vetinarian	veterinarian
vetinary	veterinary
viamently	vehemently
vibrophonist	vibraphonist
vicerally	viscerally
victrolla	victrola
vidagliptin	vildagliptin
viementin	vimentin
vigourous	vigorous
vigourously	vigorously
villified	vilified
villifies	vilifies
villify	vilify
vinculun	vinculum
vinette	vignette
violincello	violoncello
viron	virion
visable	visible
viscuous	viscous
visiter	visitor
vitligo	vitiligo
vizualisation	visualisation
vizualization	visualisation
volcanoe	volcano
volentary	voluntary
volitile	volatile
vollyball	volleyball
voxellated	voxelated
vulnurable	vulnerable
vunerable	vulnerable
wach	watch
waggily	waggly
weasal	weasel
webblog	weblog
weedle	wheedle
weighth	weight
weiner	wiener
werent	weren't
wetstone	whetstone
whant	want
wheater	wheatear
wherewithall	wherewithal
whimp	wimp
wicklow	whitlow
wierd	weird
wierdly	weirdly
wimper	whimper
wisdome	wisdom
withdrawl	withdrawal
wojack	wojak
woops	whoops
worthwile	worthwhile
wouldnt	wouldn't
wouldve	would've
writeing	writing
writter	writer
xanthocroic	xanthochroic
xenofobe	xenophobe
xenofobia	xenophobia
xenograph	xenograft
xenographs	xenografts
xilazine	xylazine
xylozine	xylazine
xyphoid	xiphoid
yeay	yea
yeild	yield
yelow	yellow
youre	you're
youve	you've
zearelenone	zearalenone
zeebra	zebra
zenophobia	xenophobia
zetabyte	zettabyte
zexanthin	zeaxanthin
zigomatic	zygomatic
ziphid	ziphiid
zolazepan	zolazepam
zoophyllic	zoophilic
zooxantellate	zooxanthellate
zooxanthelate	zooxanthellate
zuchetto	zucchetto
zuchini	zucchini
zylazine	xylazine
